Symbol,Ticker,Cash ,Name,Futs1,Futs2,name august,name sep,ID_BB_GLOBAL August ,ID SEP,FUT_CONT_SIZE August,FUT_CONT_SIZE Sep,px_last,,,,name,ID_BB_GLOBAL,ID SEP,FUT_CONT_SIZE,px_last,FUT_CONT_SIZE
NIFTY,NZ,,Nifty,,,,,,,,,,,,,,,,,,
NZ,NZ,,Nifty,,,,,,,,,,,,,,,,,,
NSEBANK,AF,,NSEBANK,,,,,,,,,,,,,,,,,,
AF,ABB,ABB IS Equity,ABB INDIA LTD,ABB=Q5 is equity,ABB=U5 is equity,ABB INDIA LTD Aug25,ABB INDIA LTD Sep25,BBG01V9XSG02,BBG01VT8QJJ1,125,125,5065.5,,,,ABB INDIA LTD Sep25,BBG01V9XSG02,BBG01VT8QJJ1,125,5017,125
,ABCAP,ABCAP IS Equity,ADITYA BIRLA CAPITAL LTD,ABCAP=Q5 is equity,ABCAP=U5 is equity,ADITYA BIRLA CAP Aug25,ADITYA BIRLA CAP Sep25,BBG01V9XSCG4,BBG01VT8QGC4,3100,3100,269.1,,,,ADITYA BIRLA CAP Sep25,BBG01V9XSCG4,BBG01VT8QGC4,3100,281.05,3100
,ABFRL,ABFRL IS Equity,ADITYA BIRLA FASHION AND RET,ABFRL=Q5 is equity,NA,ADITYA BIRLA F&R Aug25,#N/A Invalid Security,BBG01V9XSC01,#N/A Invalid Security,2600,#N/A Invalid Security,76.1,,,,#N/A Invalid Security,BBG01V9XSC01,#N/A Invalid Security,2600,82.81,#N/A Invalid Security
ADANIENSOL,ADANE,ADANIENS IS Equity,ADANI ENERGY SOLUTIONS LTD,ADANE=Q5 is equity,ADANE=U5 is equity,ADANI ENERGY SOL Aug25,ADANI ENERGY SOL Sep25,BBG01V9XSCJ1,BBG01VT8QGG0,675,675,786.25,,,,ADANI ENERGY SOL Sep25,BBG01V9XSCJ1,BBG01VT8QGG0,675,788.15,675
,ADE,ADE IS Equity,ADANI ENTERPRISES LTD,ADE=Q5 is equity,ADE=U5 is equity,Adani Enterprises Aug25,Adani Enterprises Sep25,BBG01V9XSHT9,BBG01VT8QLK4,300,300,2286.8,,,,Adani Enterprises Sep25,BBG01V9XSHT9,BBG01VT8QLK4,300,2270.6,300
,ADANG,ADANIGR IS Equity,ADANI GREEN ENERGY LTD,ADANG=Q5 is equity,ADANG=U5 is equity,ADANI GREEN ENER Aug25,ADANI GREEN ENER Sep25,BBG01V9XSCK9,BBG01VT8QGH9,600,600,920.85,,,,ADANI GREEN ENER Sep25,BBG01V9XSCK9,BBG01VT8QGH9,600,930.2,600
ADANIPORTS,ADSEZ,ADSEZ IS Equity,ADANI PORTS AND SPECIAL ECON,ADSEZ=Q5 is equity,ADSEZ=U5 is equity,Adani Ports Aug25,Adani Ports Sep25,BBG01V9XSK49,BBG01VT8QN48,475,475,1306,,,,Adani Ports Sep25,BBG01V9XSK49,BBG01VT8QN48,475,1313.7,475
,ALKEM,ALKEM IS Equity,ALKEM LABORATORIES LTD,ALKEM=Q5 is equity,ALKEM=U5 is equity,ALKEM LABORATORIES Aug25,ALKEM LABORATORIES Sep25,BBG01V9XSBP6,BBG01VT8QF72,125,125,5386.5,,,,ALKEM LABORATORIES Sep25,BBG01V9XSBP6,BBG01VT8QF72,125,5416,125
AMBUJACEM,ACEM,ACEM IS Equity,AMBUJA CEMENTS LTD,ACEM=Q5 is equity,ACEM=U5 is equity,AMBUJA CEMENTS Aug25,AMBUJA CEMENTS Sep25,BBG01V9XSGY5,BBG01VT8QKD4,1050,1050,577,,,,AMBUJA CEMENTS Sep25,BBG01V9XSGY5,BBG01VT8QKD4,1050,572.75,1050
,ANGEL,ANGELONE IS Equity,ANGEL ONE LTD,ANGEL=Q5 is equity,ANGEL=U5 is equity,ANGEL ONE LTD Aug25,ANGEL ONE LTD Sep25,BBG01V9XSCM7,BBG01VT8QGJ7,250,250,2660.1,,,,ANGEL ONE LTD Sep25,BBG01V9XSCM7,BBG01VT8QGJ7,250,2344.8,250
,APAT,APAT IS Equity,APL APOLLO TUBES LTD,APAT=Q5 is equity,APAT=U5 is equity,APL APOLLO TUBES Aug25,APL APOLLO TUBES Sep25,BBG01V9XSCN6,BBG01VT8QGK5,350,350,1585.4,,,,APL APOLLO TUBES Sep25,BBG01V9XSCN6,BBG01VT8QGK5,350,1629.4,350
APOLLOHOSP,APHS,APHS IS Equity,APOLLO HOSPITALS ENTERPRISE,APHS=Q5 is equity,APHS=U5 is equity,Apollo Hosp Aug25,Apollo Hosp Sep25,BBG01V9XSKH5,BBG01VT8QNH4,125,125,7774.5,,,,Apollo Hosp Sep25,BBG01V9XSKH5,BBG01VT8QNH4,125,7773.5,125
,AL,AL IS Equity,ASHOK LEYLAND LTD,AL=Q5 is equity,AL=U5 is equity,Ashok Leyland Ltd Aug25,Ashok Leyland Ltd Sep25,BBG01V9XSH28,BBG01VT8QKJ8,5000,5000,119.87,,,,Ashok Leyland Ltd Sep25,BBG01V9XSH28,BBG01VT8QKJ8,5000,131.35,5000
ASIANPAINT,APNT,APNT IS Equity,ASIAN PAINTS LTD,APNT=Q5 is equity,APNT=U5 is equity,Asian Paints Ltd Aug25,Asian Paints Ltd Sep25,BBG01V9XSHK8,BBG01VT8QKY1,250,250,2508.7,,,,Asian Paints Ltd Sep25,BBG01V9XSHK8,BBG01VT8QKY1,250,2486.5,250
,ASTRA,ASTRA IS Equity,ASTRAL LTD,ASTRA=Q5 is equity,ASTRA=U5 is equity,ASTRAL LIMITED Aug25,ASTRAL LIMITED Sep25,BBG01V9XSC10,BBG01VT8QFT8,425,425,1287,,,,ASTRAL LIMITED Sep25,BBG01V9XSC10,BBG01VT8QFT8,425,1389.8,425
,ATGL,ATGL IS Equity,ADANI TOTAL GAS LTD,ATGL=Q5 is equity,NA,ADANI TOTAL GAS Aug25,#N/A Invalid Security,BBG01V9XSCL8,#N/A Invalid Security,875,#N/A Invalid Security,611.65,,,,#N/A Invalid Security,BBG01V9XSCL8,#N/A Invalid Security,875,637.7,#N/A Invalid Security
AUBANK,AUBAN,AUBANK IS Equity,AU SMALL FINANCE BANK LTD,AUBAN=Q5 is equity,AUBAN=U5 is equity,AU Small Fin Bank Aug25,AU Small Fin Bank Sep25,BBG01V9XSBS3,BBG01VT8QF90,1000,1000,745.15,,,,AU Small Fin Bank Sep25,BBG01V9XSBS3,BBG01VT8QF90,1000,745.4,1000
,ARBP,ARBP IS Equity,AUROBINDO PHARMA LTD,ARBP=Q5 is equity,ARBP=U5 is equity,Aurobindo Pharma Aug25,Aurobindo Pharma Sep25,BBG01V9XSHX4,BBG01VT8QLW1,550,550,1096.9,,,,Aurobindo Pharma Sep25,BBG01V9XSHX4,BBG01VT8QLW1,550,1044.1,550
AXISBANK,AXSB,AXSB IS Equity,AXIS BANK LTD,AXSB=Q5 is equity,AXSB=U5 is equity,Axis Bank Aug25,Axis Bank Sep25,BBG01V9XSJ88,BBG01VT8QM68,625,625,1072.1,,,,Axis Bank Sep25,BBG01V9XSJ88,BBG01VT8QM68,625,1051.2,625
BAJAJ-AUTO,BJAUT,BJAUT IS Equity,BAJAJ AUTO LTD,BJAUT=Q5 is equity,BJAUT=U5 is equity,Bajaj Auto Aug25,Bajaj Auto Sep25,BBG01V9XSK76,BBG01VT8QN66,75,75,8257.5,,,,Bajaj Auto Sep25,BBG01V9XSK76,BBG01VT8QN66,75,8704.5,75
BAJAJFINSV,BJFIN,BJFIN IS Equity,BAJAJ FINSERV LTD,BJFIN=Q5 is equity,BJFIN=U5 is equity,BAJAJ FINSERV LT Aug25,BAJAJ FINSERV LT Sep25,BBG01V9XSLH3,BBG01VT8QPG0,500,500,1931,,,,BAJAJ FINSERV LT Sep25,BBG01V9XSLH3,BBG01VT8QPG0,500,1920.6,500
BAJFINANCE,BAF,BAF IS Equity,BAJAJ FINANCE LTD,BAF=Q5 is equity,BAF=U5 is equity,Bajaj Finance Ltd Aug25,Bajaj Finance Ltd Sep25,BBG01V9XSKN8,BBG01VT8QNN7,750,750,863.55,,,,Bajaj Finance Ltd Sep25,BBG01V9XSKN8,BBG01VT8QNN7,750,875.6,750
,BANDH,BANDHAN IS Equity,BANDHAN BANK LTD,BANDH=Q5 is equity,BANDH=U5 is equity,Bandhan Bank Ltd Aug25,Bandhan Bank Ltd Sep25,BBG01V9XSB76,BBG01VT8QDY7,3600,3600,164.09,,,,Bandhan Bank Ltd Sep25,BBG01V9XSB76,BBG01VT8QDY7,3600,165.67,3600
,BOB,BOB IS Equity,BANK OF BARODA,BOB=Q5 is equity,BOB=U5 is equity,Bank of Baroda Aug25,Bank of Baroda Sep25,BBG01V9XSJ24,BBG01VT8QM13,2925,2925,242.45,,,,Bank of Baroda Sep25,BBG01V9XSJ24,BBG01VT8QM13,2925,234.79,2925
,BOI,BOI IS Equity,BANK OF INDIA,BOI=Q5 is equity,BOI=U5 is equity,Bank of India Aug25,Bank of India Sep25,BBG01V9XSJ42,BBG01VT8QM22,5200,5200,113.23,,,,Bank of India Sep25,BBG01V9XSJ42,BBG01VT8QM22,5200,112.45,5200
,BHE,BHE IS Equity,BHARAT ELECTRONICS LTD,BHE=Q5 is equity,BHE=U5 is equity,BHARAT ELECTRON Aug25,BHARAT ELECTRON Sep25,BBG01V9XSG11,BBG01VT8QJK9,2850,2850,383.75,,,,BHARAT ELECTRON Sep25,BBG01V9XSG11,BBG01VT8QJK9,2850,365.8,2850
,BHFC,BHFC IS Equity,BHARAT FORGE LTD,BHFC=Q5 is equity,BHFC=U5 is equity,Bharat Forge Ltd Aug25,Bharat Forge Ltd Sep25,BBG01V9XSH46,BBG01VT8QKL5,500,500,1174.7,,,,Bharat Forge Ltd Sep25,BBG01V9XSH46,BBG01VT8QKL5,500,1122.6,500
BHARTIARTL,BHART,BHARTI IS Equity,BHARTI AIRTEL LTD,BHART=Q5 is equity,BHART=U5 is equity,Bharti Airtel Aug25,Bharti Airtel Sep25,BBG01V9XSJG9,BBG01VT8QMD0,475,475,1876.6,,,,Bharti Airtel Sep25,BBG01V9XSJG9,BBG01VT8QMD0,475,1904.9,475
,BHEL,BHEL IS Equity,BHARAT HEAVY ELECTRICALS,BHEL=Q5 is equity,BHEL=U5 is equity,BHARAT HEAVY ELE Aug25,BHARAT HEAVY ELE Sep25,BBG01V9XSG84,BBG01VT8QJS1,2625,2625,222.6,,,,BHARAT HEAVY ELE Sep25,BBG01V9XSG84,BBG01VT8QJS1,2625,211.79,2625
,BIOS,BIOS IS Equity,BIOCON LTD,BIOS=Q5 is equity,BIOS=U5 is equity,Biocon Ltd Aug25,Biocon Ltd Sep25,BBG01V9XSJR7,BBG01VT8QMP7,2500,2500,361.75,,,,Biocon Ltd Sep25,BBG01V9XSJR7,BBG01VT8QMP7,2500,358.65,2500
,BOS,BOS IS Equity,BOSCH LTD,BOS=Q5 is equity,BOS=U5 is equity,BOSCH Aug25,BOSCH Sep25,BBG01V9XSH91,BBG01VT8QKP1,25,25,38590,,,,BOSCH Sep25,BBG01V9XSH91,BBG01VT8QKP1,25,39430,25
,BPCL,BPCL IS Equity,BHARAT PETROLEUM CORP LTD,BPCL=Q5 is equity,BPCL=U5 is equity,Bharat Petroleum Aug25,Bharat Petroleum Sep25,BBG01V9XSHB8,BBG01VT8QKQ0,1975,1975,320.8,,,,Bharat Petroleum Sep25,BBG01V9XSHB8,BBG01VT8QKQ0,1975,312.4,1975
BRITANNIA,BRIT,BRIT IS Equity,BRITANNIA INDUSTRIES LTD,BRIT=Q5 is equity,BRIT=U5 is equity,Britannia Ind Ltd Aug25,Britannia Ind Ltd Sep25,BBG01V9XSKM9,BBG01VT8QNM8,125,125,5376.5,,,,Britannia Ind Ltd Sep25,BBG01V9XSKM9,BBG01VT8QNM8,125,5757.5,125
,BSE,BSE IS Equity,BSE LTD,BSE=Q5 is equity,BSE=U5 is equity,BSE LTD Aug25,BSE LTD Sep25,BBG01V9XSD18,BBG01VT8QGX1,375,375,2476,,,,BSE LTD Sep25,BBG01V9XSD18,BBG01VT8QGX1,375,2220.9,375
,CAMS,CAMS IS Equity,COMPUTER AGE MANAGEMENT SERV,CAMS=Q5 is equity,CAMS=U5 is equity,COMPUTER AGE MAN Aug25,COMPUTER AGE MAN Sep25,BBG01V9XSD27,BBG01VT8QGY0,150,150,3849.1,,,,COMPUTER AGE MAN Sep25,BBG01V9XSD27,BBG01VT8QGY0,150,3725.9,150
,CBK,CBK IS Equity,CANARA BANK,CBK=Q5 is equity,CBK=U5 is equity,Canara Bank Ltd Aug25,Canara Bank Ltd Sep25,BBG01V9XSJL3,BBG01VT8QMJ4,6750,6750,108.98,,,,Canara Bank Ltd Sep25,BBG01V9XSJL3,BBG01VT8QMJ4,6750,105.99,6750
CDSL,CDSL,CDSL IS Equity,CENTRAL DEPOSITORY SERVICES,CDSL=Q5 is equity,CDSL=U5 is equity,CENTRAL DEPOSITO Aug25,CENTRAL DEPOSITO Sep25,BBG01V9XSD36,BBG01VT8QH05,475,475,1558.4,,,,CENTRAL DEPOSITO Sep25,BBG01V9XSD36,BBG01VT8QH05,475,1492.5,475
,CESC,CESC IS Equity,CESC LTD,CESC=Q5 is equity,NA,CESC Limited Aug25,#N/A Invalid Security,BBG01V9XSG20,#N/A Invalid Security,3625,#N/A Invalid Security,163.51,,,,#N/A Invalid Security,BBG01V9XSG20,#N/A Invalid Security,3625,162.17,#N/A Invalid Security
,CGPOW,CGPOWER IS Equity,CG POWER AND INDUSTRIAL SOLU,CGPOW=Q5 is equity,CGPOW=U5 is equity,CG POWER AND IND Aug25,CG POWER AND IND Sep25,BBG01V9XSG66,BBG01VT8QJQ3,850,850,670.95,,,,CG POWER AND IND Sep25,BBG01V9XSG66,BBG01VT8QJQ3,850,672.05,850
CHOLAFIN,CIFC,CIFC IS Equity,CHOLAMANDALAM INVESTMENT AND,CIFC=Q5 is equity,CIFC=U5 is equity,CHOLAMANDALAM IN Aug25,CHOLAMANDALAM IN Sep25,BBG01V9XSLD7,BBG01VT8QP98,625,625,1473,,,,CHOLAMANDALAM IN Sep25,BBG01V9XSLD7,BBG01VT8QP98,625,1474.5,625
,CIPLA,CIPLA IS Equity,CIPLA LTD,CIPLA=Q5 is equity,CIPLA=U5 is equity,Cipla Limited Aug25,Cipla Limited Sep25,BBG01V9XSG57,BBG01VT8QJP4,375,375,1563.4,,,,Cipla Limited Sep25,BBG01V9XSG57,BBG01VT8QJP4,375,1577.5,375
,COAL,COAL IS Equity,COAL INDIA LTD,COAL=Q5 is equity,COAL=U5 is equity,COAL INDIA LTD Aug25,COAL INDIA LTD Sep25,BBG01V9XSKD9,BBG01VT8QNC9,1350,1350,379.85,,,,COAL INDIA LTD Sep25,BBG01V9XSKD9,BBG01VT8QNC9,1350,372.75,1350
,COFOR,COFORGE IS Equity,COFORGE LIMITED,COFOR=Q5 is equity,COFOR=U5 is equity,COFORGE LIMITED Aug25,COFORGE LIMITED Sep25,BBG01V9XSL29,BBG01VT8QP07,375,375,1630.5,,,,COFORGE LIMITED Sep25,BBG01V9XSL29,BBG01VT8QP07,375,1742.3,375
,CLGT,CLGT IS Equity,COLGATE PALMOLIVE (INDIA),CLGT=Q5 is equity,CLGT=U5 is equity,Colgate-Palmolive Aug25,Colgate-Palmolive Sep25,BBG01V9XSHL7,BBG01VT8QKZ0,225,225,2179.9,,,,Colgate-Palmolive Sep25,BBG01V9XSHL7,BBG01VT8QKZ0,225,2286.8,225
,CCRI,CCRI IS Equity,CONTAINER CORP OF INDIA LTD,CCRI=Q5 is equity,CCRI=U5 is equity,CONTAINER CORP Aug25,CONTAINER CORP Sep25,BBG01V9XSKZ5,BBG01VT8QNY5,1250,1250,538.15,,,,CONTAINER CORP Sep25,BBG01V9XSKZ5,BBG01VT8QNY5,1250,528.1,1250
,CROMP,CROMPTON IS Equity,CROMPTON GREAVES CONSUMER EL,CROMP=Q5 is equity,CROMP=U5 is equity,CROMPTON GREAVES Aug25,CROMPTON GREAVES Sep25,BBG01V9XSC74,BBG01VT8QG43,1800,1800,324.4,,,,CROMPTON GREAVES Sep25,BBG01V9XSC74,BBG01VT8QG43,1800,324.65,1800
CUMMINSIND,KKC,KKC IS Equity,CUMMINS INDIA LTD,KKC=Q5 is equity,KKC=U5 is equity,CUMMINS INDIA Aug25,CUMMINS INDIA Sep25,BBG01V9XSH37,BBG01VT8QKK6,200,200,3782.7,,,,CUMMINS INDIA Sep25,BBG01V9XSH37,BBG01VT8QKK6,200,3823.8,200
,CYL,CYL IS Equity,CYIENT LTD,CYL=Q5 is equity,CYL=U5 is equity,CYIENT LTD Aug25,CYIENT LTD Sep25,BBG01V9XSD45,BBG01VT8QH14,425,425,1171.6,,,,CYIENT LTD Sep25,BBG01V9XSD45,BBG01VT8QH14,425,1202.6,425
,DABUR,DABUR IS Equity,DABUR INDIA LTD,DABUR=Q5 is equity,DABUR=U5 is equity,Dabur India Ltd Aug25,Dabur India Ltd Sep25,BBG01V9XSG75,BBG01VT8QJR2,1250,1250,504.4,,,,Dabur India Ltd Sep25,BBG01V9XSG75,BBG01VT8QJR2,1250,523.15,1250
DALBHARAT,DALBH,DALBHARA IS Equity,DALMIA BHARAT LTD,DALBH=Q5 is equity,DALBH=U5 is equity,DALMIA BHARAT Aug25,DALMIA BHARAT Sep25,BBG01V9XSC83,BBG01VT8QG61,325,325,2270.2,,,,DALMIA BHARAT Sep25,BBG01V9XSC83,BBG01VT8QG61,325,2365.2,325
,DELHV,DELHIVER IS Equity,DELHIVERY LTD,DELHV=Q5 is equity,DELHV=U5 is equity,DELHIVERY LTD Aug25,DELHIVERY LTD Sep25,BBG01V9XSD54,BBG01VT8QH23,2075,2075,466.55,,,,DELHIVERY LTD Sep25,BBG01V9XSD54,BBG01VT8QH23,2075,478.35,2075
,DIVI,DIVI IS Equity,DIVI'S LABORATORIES LTD,DIVI=Q5 is equity,DIVI=U5 is equity,Divi's Lab Ltd Aug25,Divi's Lab Ltd Sep25,BBG01V9XSJM2,BBG01VT8QMK2,100,100,6165.5,,,,Divi's Lab Ltd Sep25,BBG01V9XSJM2,BBG01VT8QMK2,100,6184,100
,DIXON,DIXON IS Equity,DIXON TECHNOLOGIES INDIA LTD,DIXON=Q5 is equity,DIXON=U5 is equity,DIXON TECHNOLOGI Aug25,DIXON TECHNOLOGI Sep25,BBG01V9XSC29,BBG01VT8QFZ1,50,50,16045,,,,DIXON TECHNOLOGI Sep25,BBG01V9XSC29,BBG01VT8QFZ1,50,16684,50
,DLFU,DLFU IS Equity,DLF LTD,DLFU=Q5 is equity,DLFU=U5 is equity,DLF Ltd Aug25,DLF Ltd Sep25,BBG01V9XSK21,BBG01VT8QN20,825,825,755,,,,DLF Ltd Sep25,BBG01V9XSK21,BBG01VT8QN20,825,753.95,825
DMART,DMART,DMART IS Equity,AVENUE SUPERMARTS LTD,DMART=Q5 is equity,DMART=U5 is equity,AVENUE SUPERMART Aug25,AVENUE SUPERMART Sep25,BBG01V9XSD63,BBG01VT8QH32,150,150,4325,,,,AVENUE SUPERMART Sep25,BBG01V9XSD63,BBG01VT8QH32,150,4687.9,150
DRREDDY,DRRD,DRRD IS Equity,DR. REDDY'S LABORATORIES,DRRD=Q5 is equity,DRRD=U5 is equity,DR REDDY'S LABS Aug25,DR REDDY'S LABS Sep25,BBG01V9XSGG5,BBG01VT8QJY4,625,625,1254.7,,,,DR REDDY'S LABS Sep25,BBG01V9XSGG5,BBG01VT8QJY4,625,1262.6,625
EICHERMOT,EIM,EIM IS Equity,EICHER MOTORS LTD,EIM=Q5 is equity,EIM=U5 is equity,Eicher Motors Aug25,Eicher Motors Sep25,BBG01V9XSKL0,BBG01VT8QNL9,175,175,5749.5,,,,Eicher Motors Sep25,BBG01V9XSKL0,BBG01VT8QNL9,175,6142,175
ETERNAL,ETERN,ETERNAL IS Equity,ETERNAL LTD,ETERN=Q5 is equity,ETERN=U5 is equity,ETERNAL LTD Aug25,ETERNAL LTD Sep25,BBG01V9XSDL6,BBG01VT8QHF9,2425,2425,311.45,,,,ETERNAL LTD Sep25,BBG01V9XSDL6,BBG01VT8QHF9,2425,318.95,2425
,EXID,EXID IS Equity,EXIDE INDUSTRIES LTD,EXID=Q5 is equity,EXID=U5 is equity,EXIDE Industries Aug25,EXIDE Industries Sep25,BBG01V9XSG48,BBG01VT8QJN6,1800,1800,373.5,,,,EXIDE Industries Sep25,BBG01V9XSG48,BBG01VT8QJN6,1800,396.65,1800
FEDERALBNK,FB,FB IS Equity,FEDERAL BANK LTD,FB=Q5 is equity,FB=U5 is equity,Federal Bank Ltd Aug25,Federal Bank Ltd Sep25,BBG01V9XSH00,BBG01VT8QKG1,5000,5000,195.54,,,,Federal Bank Ltd Sep25,BBG01V9XSH00,BBG01VT8QKG1,5000,192.53,5000
,GAIL,GAIL IS Equity,GAIL INDIA LTD,GAIL=Q5 is equity,GAIL=U5 is equity,Gail India Ltd Aug25,Gail India Ltd Sep25,BBG01V9XSJ51,BBG01VT8QM31,3150,3150,173.54,,,,Gail India Ltd Sep25,BBG01V9XSJ51,BBG01VT8QM31,3150,171.77,3150
,GNP,GNP IS Equity,GLENMARK PHARMACEUTICALS LTD,GNP=Q5 is equity,GNP=U5 is equity,Glenmark Pharma Aug25,Glenmark Pharma Sep25,BBG01V9XSKF7,BBG01VT8QNF6,375,375,2043.9,,,,Glenmark Pharma Sep25,BBG01V9XSKF7,BBG01VT8QNF6,375,1954.7,375
GMRAIRPORT,GMRAI,GMRAIRPO IS Equity,GMR AIRPORTS LTD,GMRAI=Q5 is equity,GMRAI=U5 is equity,GMR AIRPORTS LTD Aug25,GMR AIRPORTS LTD Sep25,BBG01V9XSJX0,BBG01VT8QMW9,6975,6975,89.91,,,,GMR AIRPORTS LTD Sep25,BBG01V9XSJX0,BBG01VT8QMW9,6975,88.59,6975
GODREJCP,GCPL,GCPL IS Equity,GODREJ CONSUMER PRODUCTS LTD,GCPL=Q5 is equity,GCPL=U5 is equity,GODREJ CONSUMER Aug25,GODREJ CONSUMER Sep25,BBG01V9XSKX7,BBG01VT8QNW7,500,500,1198,,,,GODREJ CONSUMER Sep25,BBG01V9XSKX7,BBG01VT8QNW7,500,1257.6,500
GODREJPROP,GPL,GPL IS Equity,GODREJ PROPERTIES LTD,GPL=Q5 is equity,GPL=U5 is equity,GODREJ PROPERTIES Aug25,GODREJ PROPERTIES Sep25,BBG01V9XSBC0,BBG01VT8QF36,275,275,1960.1,,,,GODREJ PROPERTIES Sep25,BBG01V9XSBC0,BBG01VT8QF36,275,2004.8,275
,GRAN,GRAN IS Equity,GRANULES INDIA LTD,GRAN=Q5 is equity,NA,GRANULES INDIA Aug25,#N/A Invalid Security,BBG01V9XSL10,#N/A Invalid Security,1075,#N/A Invalid Security,464,,,,#N/A Invalid Security,BBG01V9XSL10,#N/A Invalid Security,1075,468.8,#N/A Invalid Security
GRASIM,GRASI,GRASIM IS Equity,GRASIM INDUSTRIES LTD,GRASI=Q5 is equity,GRASI=U5 is equity,Grasim Industries Aug25,Grasim Industries Sep25,BBG01V9XSGS2,BBG01VT8QK80,250,250,2756,,,,Grasim Industries Sep25,BBG01V9XSGS2,BBG01VT8QK80,250,2796.5,250
,HNAL,HNAL IS Equity,HINDUSTAN AERONAUTICS LTD,HNAL=Q5 is equity,HNAL=U5 is equity,HINDUSTAN AERONA Aug25,HINDUSTAN AERONA Sep25,BBG01V9XSC38,BBG01VT8QG07,150,150,4481.4,,,,HINDUSTAN AERONA Sep25,BBG01V9XSC38,BBG01VT8QG07,150,4380.5,150
HAVELLS,HAVL,HAVL IS Equity,HAVELLS INDIA LTD,HAVL=Q5 is equity,HAVL=U5 is equity,HAVELLS INDIA Aug25,HAVELLS INDIA Sep25,BBG01V9XSHV6,BBG01VT8QLR7,500,500,1479.5,,,,HAVELLS INDIA Sep25,BBG01V9XSHV6,BBG01VT8QLR7,500,1523.8,500
,HCLT,HCLT IS Equity,HCL TECHNOLOGIES LTD,HCLT=Q5 is equity,HCLT=U5 is equity,HCL Technologies Aug25,HCL Technologies Sep25,BBG01V9XSJB4,BBG01VT8QM86,350,350,1505,,,,HCL Technologies Sep25,BBG01V9XSJB4,BBG01VT8QM86,350,1490.6,350
,HAMC,HDFCAMC IS Equity,HDFC ASSET MANAGEMENT CO LTD,HAMC=Q5 is equity,HAMC=U5 is equity,HDFC ASSET MGMT Aug25,HDFC ASSET MGMT Sep25,BBG01V9XSBL0,BBG01VT8QF63,150,150,5447,,,,HDFC ASSET MGMT Sep25,BBG01V9XSBL0,BBG01VT8QF63,150,5742,150
HDFCBANK,HDFCB,HDFCB IS Equity,HDFC BANK LIMITED,HDFCB=Q5 is equity,HDFCB=U5 is equity,HDFC Bank Limited Aug25,HDFC Bank Limited Sep25,BBG01V9XSGH4,BBG01VT8QJZ3,550,1100,1991.1,,,,HDFC Bank Limited Sep25,BBG01V9XSGH4,BBG01VT8QJZ3,1100,972.2,1100
,HDFCL,HDFCLIFE IS Equity,HDFC LIFE INSURANCE CO LTD,HDFCL=Q5 is equity,HDFCL=U5 is equity,HDFC LIFE INSURA Aug25,HDFC LIFE INSURA Sep25,BBG01V9XSB85,BBG01VT8QDZ6,1100,1100,788.45,,,,HDFC LIFE INSURA Sep25,BBG01V9XSB85,BBG01VT8QDZ6,1100,774.25,1100
HEROMOTOCO,HMCL,HMCL IS Equity,HERO MOTOCORP LTD,HMCL=Q5 is equity,HMCL=U5 is equity,Hero Motocorp Ltd Aug25,Hero Motocorp Ltd Sep25,BBG01V9XSGJ2,BBG01VT8QK08,150,150,4749.7,,,,Hero Motocorp Ltd Sep25,BBG01V9XSGJ2,BBG01VT8QK08,150,5087.8,150
,HMFC,HMFC IS Equity,HFCL LTD,HMFC=Q5 is equity,HMFC=U5 is equity,HFCL LTD Aug25,HFCL LTD Sep25,BBG01V9XSD72,BBG01VT8QH41,6450,6450,71.19,,,,HFCL LTD Sep25,BBG01V9XSD72,BBG01VT8QH41,6450,71.79,6450
HINDALCO,HNDL,HNDL IS Equity,HINDALCO INDUSTRIES LTD,HNDL=Q5 is equity,HNDL=U5 is equity,Hindalco Industry Aug25,Hindalco Industry Sep25,BBG01V9XSGZ4,BBG01VT8QKF2,1400,1400,693.65,,,,Hindalco Industry Sep25,BBG01V9XSGZ4,BBG01VT8QKF2,1400,704.5,1400
,HPCL,HPCL IS Equity,HINDUSTAN PETROLEUM CORP,HPCL=Q5 is equity,HPCL=U5 is equity,Hindustan Petrolm Aug25,Hindustan Petrolm Sep25,BBG01V9XSG93,BBG01VT8QJT0,2025,2025,398.9,,,,Hindustan Petrolm Sep25,BBG01V9XSG93,BBG01VT8QJT0,2025,383.3,2025
HINDUNILVR,HUVR,HUVR IS Equity,HINDUSTAN UNILEVER LTD,HUVR=Q5 is equity,HUVR=U5 is equity,HINDUSTAN UNILEV Aug25,HINDUSTAN UNILEV Sep25,BBG01V9XSHG3,BBG01VT8QKV4,300,300,2501.1,,,,HINDUSTAN UNILEV Sep25,BBG01V9XSHG3,BBG01VT8QKV4,300,2688.8,300
HINDZINC,HZ,HZ IS Equity,HINDUSTAN ZINC LTD,HZ=Q5 is equity,HZ=U5 is equity,Hindustan Zinc Ltd Aug25,Hindustan Zinc Ltd Sep25,BBG01V9XSGK0,BBG01VT8QK17,1225,1225,423.4,,,,Hindustan Zinc Ltd Sep25,BBG01V9XSGK0,BBG01VT8QK17,1225,429.6,1225
,HUDCO,HUDCO IS Equity,HOUSING & URBAN DEV CORP LTD,HUDCO=Q5 is equity,HUDCO=U5 is equity,HOUSING & URBAN Aug25,HOUSING & URBAN Sep25,BBG01V9XSCP4,BBG01VT8QGL4,2775,2775,207.54,,,,HOUSING & URBAN Sep25,BBG01V9XSCP4,BBG01VT8QGL4,2775,208.13,2775
ICICIBANK,ICICI,ICICIBC IS Equity,ICICI BANK LTD,ICICI=Q5 is equity,ICICI=U5 is equity,ICICI Bank Aug25,ICICI Bank Sep25,BBG01V9XSJ60,BBG01VT8QM40,700,700,1433.4,,,,ICICI Bank Sep25,BBG01V9XSJ60,BBG01VT8QM40,700,1416.8,700
,ICICG,ICICIGI IS Equity,ICICI LOMBARD GENERAL INSURA,ICICG=Q5 is equity,ICICG=U5 is equity,ICICI Lombard GIC Aug25,ICICI Lombard GIC Sep25,BBG01V9XSBF7,BBG01VT8QF54,325,325,1918.5,,,,ICICI Lombard GIC Sep25,BBG01V9XSBF7,BBG01VT8QF54,325,1874.3,325
ICICIPRULI,IPRU,IPRU IS Equity,ICICI PRUDENTIAL LIFE INSURA,IPRU=Q5 is equity,IPRU=U5 is equity,ICICI PRUDENTIAL Aug25,ICICI PRUDENTIAL Sep25,BBG01V9XSLK9,BBG01VT8QPQ9,925,925,630.85,,,,ICICI PRUDENTIAL Sep25,BBG01V9XSLK9,BBG01VT8QPQ9,925,615.75,925
,IDEA,IDEA IS Equity,VODAFONE IDEA LTD,IDEA=Q5 is equity,IDEA=U5 is equity,VODAFONE IDEA LT Aug25,VODAFONE IDEA LT Sep25,BBG01V9XSK12,BBG01VT8QN02,71475,71475,6.2,,,,VODAFONE IDEA LT Sep25,BBG01V9XSK12,BBG01VT8QN02,71475,6.71,71475
,IDFCF,IDFCFB IS Equity,IDFC FIRST BANK LTD,IDFCF=Q5 is equity,IDFCF=U5 is equity,IDFC First Bank Aug25,IDFC First Bank Sep25,BBG01V9XSL38,BBG01VT8QP16,9275,9275,69.42,,,,IDFC First Bank Sep25,BBG01V9XSL38,BBG01VT8QP16,9275,68.85,9275
,IEX,IEX IS Equity,INDIAN ENERGY EXCHANGE LTD,IEX=Q5 is equity,IEX=U5 is equity,INDIAN ENERGY EX Aug25,INDIAN ENERGY EX Sep25,BBG01V9XSC47,BBG01VT8QG16,3750,3750,140.56,,,,INDIAN ENERGY EX Sep25,BBG01V9XSC47,BBG01VT8QG16,3750,141.49,3750
,IGL,IGL IS Equity,INDRAPRASTHA GAS LTD,IGL=Q5 is equity,IGL=U5 is equity,INDRAPRASTHA GAS Aug25,INDRAPRASTHA GAS Sep25,BBG01V9XSJP9,BBG01VT8QMM0,2750,2750,205.56,,,,INDRAPRASTHA GAS Sep25,BBG01V9XSJP9,BBG01VT8QMM0,2750,207.81,2750
,IIFL,IIFL IS Equity,IIFL FINANCE LTD,IIFL=Q5 is equity,IIFL=U5 is equity,IIFL FINANCE LTD Aug25,IIFL FINANCE LTD Sep25,BBG01V9XSF22,BBG01VT8QHL2,1650,1650,449.25,,,,IIFL FINANCE LTD Sep25,BBG01V9XSF22,BBG01VT8QHL2,1650,449.6,1650
,IH,IH IS Equity,INDIAN HOTELS CO LTD,IH=Q5 is equity,IH=U5 is equity,INDIAN HOTELS LTD Aug25,INDIAN HOTELS LTD Sep25,BBG01V9XSHM6,BBG01VT8QL06,1000,1000,765.45,,,,INDIAN HOTELS LTD Sep25,BBG01V9XSHM6,BBG01VT8QL06,1000,770.05,1000
,INBK,INBK IS Equity,INDIAN BANK,INBK=Q5 is equity,INBK=U5 is equity,INDIAN BANK Aug25,INDIAN BANK Sep25,BBG01V9XSK03,BBG01VT8QMZ6,1000,1000,668.15,,,,INDIAN BANK Sep25,BBG01V9XSK03,BBG01VT8QMZ6,1000,655.05,1000
,INDIG,INDIGO IS Equity,INTERGLOBE AVIATION LTD,INDIG=Q5 is equity,INDIG=U5 is equity,INTERGLOBE AVIAT Aug25,INTERGLOBE AVIAT Sep25,BBG01V9XSL74,BBG01VT8QP34,150,150,5983,,,,INTERGLOBE AVIAT Sep25,BBG01V9XSL74,BBG01VT8QP34,150,6037,150
INDUSINDBK,IIB,IIB IS Equity,INDUSIND BANK LTD,IIB=Q5 is equity,IIB=U5 is equity,INDUSIND BANK Aug25,INDUSIND BANK Sep25,BBG01V9XSJ79,BBG01VT8QM59,700,700,777.6,,,,INDUSIND BANK Sep25,BBG01V9XSJ79,BBG01VT8QM59,700,757,700
INDUSTOWER,INDUS,INDUSTOW IS Equity,INDUS TOWERS LTD,INDUS=Q5 is equity,INDUS=U5 is equity,INDUS TOWERS LTD Aug25,INDUS TOWERS LTD Sep25,BBG01V9XSKT2,BBG01VT8QNS2,1700,1700,333.45,,,,INDUS TOWERS LTD Sep25,BBG01V9XSKT2,BBG01VT8QNS2,1700,342.25,1700
INFY,INFO,INFO IS Equity,INFOSYS LTD,INFO=Q5 is equity,INFO=U5 is equity,Infosys Ltd Aug25,Infosys Ltd Sep25,BBG01V9XSGL9,BBG01VT8QK26,400,400,1455.5,,,,Infosys Ltd Sep25,BBG01V9XSGL9,BBG01VT8QK26,400,1528.7,400
,INXW,INXW IS Equity,INOX WIND LTD,INXW=Q5 is equity,INXW=U5 is equity,INOX WIND LTD Aug25,INOX WIND LTD Sep25,BBG01V9XSF86,BBG01VT8QHR6,3272,3272,137.82,,,,INOX WIND LTD Sep25,BBG01V9XSF86,BBG01VT8QHR6,3272,142.05,3272
,IOCL,IOCL IS Equity,INDIAN OIL CORP LTD,IOCL=Q5 is equity,IOCL=U5 is equity,Indian Oil Corp Aug25,Indian Oil Corp Sep25,BBG01V9XSJ15,BBG01VT8QLZ8,4875,4875,142.21,,,,Indian Oil Corp Sep25,BBG01V9XSJ15,BBG01VT8QLZ8,4875,139.18,4875
,IRB,IRB IS Equity,IRB INFRASTRUCTURE DEVELOPER,IRB=Q5 is equity,NA,IRB INFRASTRUCTURE Aug25,#N/A Invalid Security,BBG01V9XSK58,#N/A Invalid Security,11675,#N/A Invalid Security,44.56,,,,#N/A Invalid Security,BBG01V9XSK58,#N/A Invalid Security,11675,44.15,#N/A Invalid Security
,IRCTC,IRCTC IS Equity,INDIAN RAILWAY CATERING & TO,IRCTC=Q5 is equity,IRCTC=U5 is equity,IRCTC LTD Aug25,IRCTC LTD Sep25,BBG01V9XSBW8,BBG01VT8QFB7,875,875,725.25,,,,IRCTC LTD Sep25,BBG01V9XSBW8,BBG01VT8QFB7,875,716.2,875
,IREDA,IREDA IS Equity,INDIAN RENEWABLE ENERGY DEVE,IREDA=Q5 is equity,IREDA=U5 is equity,INDIAN RENEWABLE E Aug25,INDIAN RENEWABLE E Sep25,BBG01V9XSF59,BBG01VT8QHP8,3450,3450,143.58,,,,INDIAN RENEWABLE E Sep25,BBG01V9XSF59,BBG01VT8QHP8,3450,144.19,3450
,IRFC,IRFC IS Equity,INDIAN RAILWAY FINANCE CORP,IRFC=Q5 is equity,IRFC=U5 is equity,INDIAN RAILWAY F Aug25,INDIAN RAILWAY F Sep25,BBG01V9XSCQ3,BBG01VT8QGM3,4250,4250,125.12,,,,INDIAN RAILWAY F Sep25,BBG01V9XSCQ3,BBG01VT8QGM3,4250,121.08,4250
,ITC,ITC IS Equity,ITC LTD,ITC=Q5 is equity,ITC=U5 is equity,ITC Limited Aug25,ITC Limited Sep25,BBG01V9XSHN5,BBG01VT8QL15,1600,1600,414.25,,,,ITC Limited Sep25,BBG01V9XSHN5,BBG01VT8QL15,1600,402.9,1600
JINDALSTEL,JSP,JSP IS Equity,JINDAL STEEL & POWER LTD,JSP=Q5 is equity,JSP=U5 is equity,JINDAL STEEL & P Aug25,JINDAL STEEL & P Sep25,BBG01V9XSJC3,BBG01VT8QM95,625,625,983.1,,,,JINDAL STEEL & P Sep25,BBG01V9XSJC3,BBG01VT8QM95,625,977.35,625
JIOFIN,JIOFI,JIOFIN IS Equity,JIO FINANCIAL SERVICES LTD,JIOFI=Q5 is equity,JIOFI=U5 is equity,JIO FINANCIAL SE Aug25,JIO FINANCIAL SE Sep25,BBG01V9XSCR2,BBG01VT8QGN2,2350,2350,326.8,,,,JIO FINANCIAL SE Sep25,BBG01V9XSCR2,BBG01VT8QGN2,2350,315.3,2350
,JDSL,JDSL IS Equity,JINDAL STAINLESS LTD,JDSL=Q5 is equity,NA,JINDAL STAINLESS Aug25,#N/A Invalid Security,BBG01V9XSCS1,#N/A Invalid Security,850,#N/A Invalid Security,719.35,,,,#N/A Invalid Security,BBG01V9XSCS1,#N/A Invalid Security,850,796.8,#N/A Invalid Security
JSWENERGY,JSW,JSW IS Equity,JSW ENERGY LTD,JSW=Q5 is equity,JSW=U5 is equity,JSW ENERGY LTD Aug25,JSW ENERGY LTD Sep25,BBG01V9XSKB1,BBG01VT8QN93,1000,1000,532,,,,JSW ENERGY LTD Sep25,BBG01V9XSKB1,BBG01VT8QN93,1000,511.5,1000
,JSTL,JSTL IS Equity,JSW STEEL LTD,JSTL=Q5 is equity,JSTL=U5 is equity,JSW Steel Limited Aug25,JSW Steel Limited Sep25,BBG01V9XSGM8,BBG01VT8QK35,675,675,1050.3,,,,JSW Steel Limited Sep25,BBG01V9XSGM8,BBG01VT8QK35,675,1047.9,675
JUBLFOOD,JUBI,JUBI IS Equity,JUBILANT FOODWORKS LTD,JUBI=Q5 is equity,JUBI=U5 is equity,JUBILANT FOODWOR Aug25,JUBILANT FOODWOR Sep25,BBG01V9XSKC0,BBG01VT8QNB0,1250,1250,641,,,,JUBILANT FOODWOR Sep25,BBG01V9XSKC0,BBG01VT8QNB0,1250,641.5,1250
,KALYA,KALYANKJ IS Equity,KALYAN JEWELLERS INDIA LTD,KALYA=Q5 is equity,KALYA=U5 is equity,KALYAN JEWELLERS Aug25,KALYAN JEWELLERS Sep25,BBG01V9XSCT0,BBG01VT8QGP0,1175,1175,523.3,,,,KALYAN JEWELLERS Sep25,BBG01V9XSCT0,BBG01VT8QGP0,1175,497.7,1175
,KEII,KEII IS Equity,KEI INDUSTRIES LTD,KEII=Q5 is equity,KEII=U5 is equity,KEI INDUS LTD Aug25,KEI INDUS LTD Sep25,BBG01V9XSCV7,BBG01VT8QGQ9,175,175,3767.4,,,,KEI INDUS LTD Sep25,BBG01V9XSCV7,BBG01VT8QGQ9,175,3872,175
KOTAKBANK,KMB,KMB IS Equity,KOTAK MAHINDRA BANK LTD,KMB=Q5 is equity,KMB=U5 is equity,Kotak Mahindra Bk Aug25,Kotak Mahindra Bk Sep25,BBG01V9XSGN7,BBG01VT8QK44,400,400,1994.4,,,,Kotak Mahindra Bk Sep25,BBG01V9XSGN7,BBG01VT8QK44,400,1966.5,400
,KPITT,KPITTECH IS Equity,KPIT TECHNOLOGIES LTD,KPITT=Q5 is equity,KPITT=U5 is equity,KPIT TECHNOLOGIE Aug25,KPIT TECHNOLOGIE Sep25,BBG01V9XSCX5,BBG01VT8QGR8,400,400,1219,,,,KPIT TECHNOLOGIE Sep25,BBG01V9XSCX5,BBG01VT8QGR8,400,1203.2,400
,LAURU,LAURUS IS Equity,LAURUS LABS LTD,LAURU=Q5 is equity,LAURU=U5 is equity,LAURUS LABS LTD Aug25,LAURUS LABS LTD Sep25,BBG01V9XSCC8,BBG01VT8QG98,1700,1700,874.45,,,,LAURUS LABS LTD Sep25,BBG01V9XSCC8,BBG01VT8QG98,1700,868.35,1700
,LICHF,LICHF IS Equity,LIC HOUSING FINANCE LTD,LICHF=Q5 is equity,LICHF=U5 is equity,LIC Housing Fin Aug25,LIC Housing Fin Sep25,BBG01V9XSGP5,BBG01VT8QK53,1000,1000,564.6,,,,LIC Housing Fin Sep25,BBG01V9XSGP5,BBG01VT8QK53,1000,561.1,1000
,LICI,LICI IS Equity,LIFE INSURANCE CORPORATION,LICI=Q5 is equity,LICI=U5 is equity,LIC INSURANCE CO Aug25,LIC INSURANCE CO Sep25,BBG01V9XSCY4,BBG01VT8QGS7,700,700,888,,,,LIC INSURANCE CO Sep25,BBG01V9XSCY4,BBG01VT8QGS7,700,886.75,700
,LODHA,LODHA IS Equity,LODHA DEVELOPERS LTD,LODHA=Q5 is equity,LODHA=U5 is equity,LODHA DEVELOPERS Aug25,LODHA DEVELOPERS Sep25,BBG01V9XSCZ3,BBG01VT8QGT6,450,450,1229.3,,,,LODHA DEVELOPERS Sep25,BBG01V9XSCZ3,BBG01VT8QGT6,450,1235,450
,LT,LT IS Equity,LARSEN & TOUBRO LTD,LT=Q5 is equity,LT=U5 is equity,Larsen & Toubro Aug25,Larsen & Toubro Sep25,BBG01V9XSH64,BBG01VT8QKM4,175,175,3678.8,,,,Larsen & Toubro Sep25,BBG01V9XSH64,BBG01VT8QKM4,175,3543.9,175
,LTF,LTF IS Equity,L&T FINANCE LTD,LTF=Q5 is equity,LTF=U5 is equity,L&T FINANCE HOLD Aug25,L&T FINANCE HOLD Sep25,BBG01V9XSKJ3,BBG01VT8QNJ2,4462,4462,200.44,,,,L&T FINANCE HOLD Sep25,BBG01V9XSKJ3,BBG01VT8QNJ2,4462,219.8,4462
,LTIM,LTIM IS Equity,LTIMINDTREE LTD,LTIM=Q5 is equity,LTIM=U5 is equity,LTIMindtree LTD Aug25,LTIMindtree LTD Sep25,BBG01V9XSB67,BBG01VT8QDX8,150,150,5167.5,,,,LTIMindtree LTD Sep25,BBG01V9XSB67,BBG01VT8QDX8,150,5180,150
,LPC,LPC IS Equity,LUPIN LTD,LPC=Q5 is equity,LPC=U5 is equity,Lupin Ltd Aug25,Lupin Ltd Sep25,BBG01V9XSGQ4,BBG01VT8QK62,425,425,1984.5,,,,Lupin Ltd Sep25,BBG01V9XSGQ4,BBG01VT8QK62,425,1922.6,425
M&M,MM,MM IS Equity,MAHINDRA & MAHINDRA LTD,MM=Q5 is equity,MM=U5 is equity,MAHINDRA & MAHIN Aug25,MAHINDRA & MAHIN Sep25,BBG01V9XSH73,BBG01VT8QKN3,200,200,3287.5,,,,MAHINDRA & MAHIN Sep25,BBG01V9XSH73,BBG01VT8QKN3,200,3335.5,200
,MGFL,MGFL IS Equity,MANAPPURAM FINANCE LTD,MGFL=Q5 is equity,MGFL=U5 is equity,MANAPPURAM FINAN Aug25,MANAPPURAM FINAN Sep25,BBG01V9XSLL8,BBG01VT8QPV3,3000,3000,263.65,,,,MANAPPURAM FINAN Sep25,BBG01V9XSLL8,BBG01VT8QPV3,3000,267.15,3000
MARICO,MRCO,MRCO IS Equity,MARICO LTD,MRCO=Q5 is equity,MRCO=U5 is equity,MARICO LTD Aug25,MARICO LTD Sep25,BBG01V9XSKV9,BBG01VT8QNT1,1200,1200,709.55,,,,MARICO LTD Sep25,BBG01V9XSKV9,BBG01VT8QNT1,1200,718.6,1200
MARUTI,MSIL,MSIL IS Equity,MARUTI SUZUKI INDIA LTD,MSIL=Q5 is equity,MSIL=U5 is equity,Maruti Suzuki Aug25,Maruti Suzuki Sep25,BBG01V9XSJN1,BBG01VT8QML1,50,50,12899,,,,Maruti Suzuki Sep25,BBG01V9XSJN1,BBG01VT8QML1,50,14664,50
,MAXHE,MAXHEALT IS Equity,MAX HEALTHCARE INSTITUTE LTD,MAXHE=Q5 is equity,MAXHE=U5 is equity,MAX HEALTHCARE I Aug25,MAX HEALTHCARE I Sep25,BBG01V9XSD09,BBG01VT8QGV3,525,525,1226.7,,,,MAX HEALTHCARE I Sep25,BBG01V9XSD09,BBG01VT8QGV3,525,1183.5,525
,MCX,MCX IS Equity,MULTI COMMODITY EXCH INDIA,MCX=Q5 is equity,MCX=U5 is equity,MCX INDIA LTD Aug25,MCX INDIA LTD Sep25,BBG01V9XSLF5,BBG01VT8QPC4,125,125,8185,,,,MCX INDIA LTD Sep25,BBG01V9XSLF5,BBG01VT8QPC4,125,7689.5,125
MFSL,MAXF,MAXF IS Equity,MAX FINANCIAL SERVICES LTD,MAXF=Q5 is equity,MAXF=U5 is equity,MAX FINANCIAL SE Aug25,MAX FINANCIAL SE Sep25,BBG01V9XSL92,BBG01VT8QP52,800,800,1594,,,,MAX FINANCIAL SE Sep25,BBG01V9XSL92,BBG01VT8QP52,800,1620.6,800
,MOTHE,MOTHERSO IS Equity,SAMVARDHANA MOTHERSON INTERN,MOTHE=Q5 is equity,MOTHE=U5 is equity,SAMVARDHANA M. Aug25,SAMVARDHANA M. Sep25,BBG01V9XSKK1,BBG01VT8QNK0,6150,6150,92.32,,,,SAMVARDHANA M. Sep25,BBG01V9XSKK1,BBG01VT8QNK0,6150,93.05,6150
MPHASIS,MPHL,MPHL IS Equity,MPHASIS LTD,MPHL=Q5 is equity,MPHL=U5 is equity,MPHASIS LTD Aug25,MPHASIS LTD Sep25,BBG01V9XSHZ2,BBG01VT8QLX0,275,275,2719.4,,,,MPHASIS LTD Sep25,BBG01V9XSHZ2,BBG01VT8QLX0,275,2875.3,275
,MUTH,MUTH IS Equity,MUTHOOT FINANCE LTD,MUTH=Q5 is equity,MUTH=U5 is equity,MUTHOOT FINANCE Aug25,MUTHOOT FINANCE Sep25,BBG01V9XSL83,BBG01VT8QP43,275,275,2776.5,,,,MUTHOOT FINANCE Sep25,BBG01V9XSL83,BBG01VT8QP43,275,2667.6,275
,NACL,NACL IS Equity,NATIONAL ALUMINIUM CO LTD,NACL=Q5 is equity,NACL=U5 is equity,NATIONAL ALUMIN Aug25,NATIONAL ALUMIN Sep25,BBG01V9XSJ97,BBG01VT8QM77,3750,3750,187.2,,,,NATIONAL ALUMIN Sep25,BBG01V9XSJ97,BBG01VT8QM77,3750,186.25,3750
NAUKRI,INFOE,INFOE IS Equity,INFO EDGE INDIA LTD,INFOE=Q5 is equity,INFOE=U5 is equity,Info Edge India Aug25,Info Edge India Sep25,BBG01V9XSB94,BBG01VT8QF18,375,375,1363.9,,,,Info Edge India Sep25,BBG01V9XSB94,BBG01VT8QF18,375,1393.2,375
,NBCC,NBCC IS Equity,NBCC INDIA LTD,NBCC=Q5 is equity,NBCC=U5 is equity,NBCC INDIA LTD Aug25,NBCC INDIA LTD Sep25,BBG01V9XSLC8,BBG01VT8QP70,6500,6500,103.91,,,,NBCC INDIA LTD Sep25,BBG01V9XSLC8,BBG01VT8QP70,6500,100.92,6500
,NJCC,NJCC IS Equity,NCC LTD,NJCC=Q5 is equity,NJCC=U5 is equity,NCC LTD Aug25,NCC LTD Sep25,BBG01V9XSGR3,BBG01VT8QK71,2700,2700,218.37,,,,NCC LTD Sep25,BBG01V9XSGR3,BBG01VT8QK71,2700,211.8,2700
NESTLEIND,NEST,NEST IS Equity,NESTLE INDIA LTD,NEST=Q5 is equity,NEST=U5 is equity,NESTLE INDIA LTD Aug25,NESTLE INDIA LTD Sep25,BBG01V9XSLG4,BBG01VT8QPD3,500,500,1099.9,,,,NESTLE INDIA LTD Sep25,BBG01V9XSLG4,BBG01VT8QPD3,500,1164.5,500
,NHPC,NHPC IS Equity,NHPC LTD,NHPC=Q5 is equity,NHPC=U5 is equity,NHPC Limited Aug25,NHPC Limited Sep25,BBG01V9XSK85,BBG01VT8QN75,6400,6400,83.36,,,,NHPC Limited Sep25,BBG01V9XSK85,BBG01VT8QN75,6400,79.87,6400
,NMDC,NMDC IS Equity,NMDC LTD,NMDC=Q5 is equity,NMDC=U5 is equity,NMDC Limited Aug25,NMDC Limited Sep25,BBG01V9XSJ06,BBG01VT8QLY9,13500,13500,69.4,,,,NMDC Limited Sep25,BBG01V9XSJ06,BBG01VT8QLY9,13500,69.79,13500
,NTPC,NTPC IS Equity,NTPC LTD,NTPC=Q5 is equity,NTPC=U5 is equity,NTPC Limited Aug25,NTPC Limited Sep25,BBG01V9XSJV2,BBG01VT8QMT3,1500,1500,337.3,,,,NTPC Limited Sep25,BBG01V9XSJV2,BBG01VT8QMT3,1500,333.35,1500
,NYKAA,NYKAA IS Equity,FSN E-COMMERCE VENTURES LTD,NYKAA=Q5 is equity,NYKAA=U5 is equity,FSN E-COMMERCE V Aug25,FSN E-COMMERCE V Sep25,BBG01V9XSD81,BBG01VT8QH69,3125,3125,210.37,,,,FSN E-COMMERCE V Sep25,BBG01V9XSD81,BBG01VT8QH69,3125,230.74,3125
OBEROIRLTY,OBER,OBER IS Equity,OBEROI REALTY LTD,OBER=Q5 is equity,OBER=U5 is equity,OBEROI REALTY LTD Aug25,OBEROI REALTY LTD Sep25,BBG01V9XSC92,BBG01VT8QG70,350,350,1624,,,,OBEROI REALTY LTD Sep25,BBG01V9XSC92,BBG01VT8QG70,350,1636.7,350
,OFSS,OFSS IS Equity,ORACLE FINANCIAL SERVICES,OFSS=Q5 is equity,OFSS=U5 is equity,Oracle Financial Aug25,Oracle Financial Sep25,BBG01V9XSJJ6,BBG01VT8QMG7,75,75,8622,,,,Oracle Financial Sep25,BBG01V9XSJJ6,BBG01VT8QMG7,75,8534.5,75
,OINL,OINL IS Equity,OIL INDIA LTD,OINL=Q5 is equity,OINL=U5 is equity,Oil India Ltd Aug25,Oil India Ltd Sep25,BBG01V9XSK94,BBG01VT8QN84,1400,1400,398.05,,,,Oil India Ltd Sep25,BBG01V9XSK94,BBG01VT8QN84,1400,399.85,1400
,ONGC,ONGC IS Equity,OIL & NATURAL GAS CORP LTD,ONGC=Q5 is equity,ONGC=U5 is equity,OIL & NATURAL GA Aug25,OIL & NATURAL GA Sep25,BBG01V9XSGV8,BBG01VT8QK99,2250,2250,236.05,,,,OIL & NATURAL GA Sep25,BBG01V9XSGV8,BBG01VT8QK99,2250,234.49,2250
,PAG,PAG IS Equity,PAGE INDUSTRIES LTD,PAG=Q5 is equity,PAG=U5 is equity,Page Industries Aug25,Page Industries Sep25,BBG01V9XSKR4,BBG01VT8QNQ4,15,15,43560,,,,Page Industries Sep25,BBG01V9XSKR4,BBG01VT8QNQ4,15,45615,15
,PATAN,PATANJAL IS Equity,PATANJALI FOODS LTD,PATAN=Q5 is equity,PATAN=U5 is equity,PATANJALI FOODS Aug25,PATANJALI FOODS Sep25,BBG01V9XSF31,BBG01VT8QHM1,300,300,1788.7,,,,PATANJALI FOODS Sep25,BBG01V9XSF31,BBG01VT8QHM1,300,1797.6,300
,PAYTM,PAYTM IS Equity,ONE 97 COMMUNICATIONS LTD,PAYTM=Q5 is equity,PAYTM=U5 is equity,ONE 97 COMMUNICA Aug25,ONE 97 COMMUNICA Sep25,BBG01V9XSD90,BBG01VT8QH78,725,725,1148.5,,,,ONE 97 COMMUNICA Sep25,BBG01V9XSD90,BBG01VT8QH78,725,1251.1,725
PERSISTENT,PSYS,PSYS IS Equity,PERSISTENT SYSTEMS LTD,PSYS=Q5 is equity,PSYS=U5 is equity,PERSISTENT SYS Aug25,PERSISTENT SYS Sep25,BBG01V9XSCB9,BBG01VT8QG89,100,100,5282.5,,,,PERSISTENT SYS Sep25,BBG01V9XSCB9,BBG01VT8QG89,100,5387.5,100
,PLNG,PLNG IS Equity,PETRONET LNG LTD,PLNG=Q5 is equity,PLNG=U5 is equity,Petronet LNG Ltd Aug25,Petronet LNG Ltd Sep25,BBG01V9XSJQ8,BBG01VT8QMN9,1800,1800,274.75,,,,Petronet LNG Ltd Sep25,BBG01V9XSJQ8,BBG01VT8QMN9,1800,268.85,1800
PFC,POWF,POWF IS Equity,POWER FINANCE CORPORATION,POWF=Q5 is equity,POWF=U5 is equity,POWER FINANCE Aug25,POWER FINANCE Sep25,BBG01V9XSJZ8,BBG01VT8QMY7,1300,1300,412.55,,,,POWER FINANCE Sep25,BBG01V9XSJZ8,BBG01VT8QMY7,1300,388.55,1300
,PHNX,PHNX IS Equity,PHOENIX MILLS LTD,PHNX=Q5 is equity,PHNX=U5 is equity,PHOENIX MILLS LTD Aug25,PHOENIX MILLS LTD Sep25,BBG01V9XSDM5,BBG01VT8QHH7,350,350,1434,,,,PHOENIX MILLS LTD Sep25,BBG01V9XSDM5,BBG01VT8QHH7,350,1563.6,350
,PIDI,PIDI IS Equity,PIDILITE INDUSTRIES LTD,PIDI=Q5 is equity,PIDI=U5 is equity,PIDILITE INDS Aug25,PIDILITE INDS Sep25,BBG01V9XSKP6,BBG01VT8QNP5,250,250,3074.6,,,,PIDILITE INDS Sep25,BBG01V9XSKP6,BBG01VT8QNP5,250,3103.8,250
PIIND,PI,PI IS Equity,PI INDUSTRIES LTD,PI=Q5 is equity,PI=U5 is equity,PI INDUSTRIES LTD Aug25,PI INDUSTRIES LTD Sep25,BBG01V9XSBX7,BBG01VT8QFD5,175,175,3768.4,,,,PI INDUSTRIES LTD Sep25,BBG01V9XSBX7,BBG01VT8QFD5,175,3792.3,175
,PNB,PNB IS Equity,PUNJAB NATIONAL BANK,PNB=Q5 is equity,PNB=U5 is equity,Punjab Natl Bank Aug25,Punjab Natl Bank Sep25,BBG01V9XSJH8,BBG01VT8QMF8,8000,8000,106.25,,,,Punjab Natl Bank Sep25,BBG01V9XSJH8,BBG01VT8QMF8,8000,102.72,8000
PNBHOUSING,PNBHO,PNBHOUSI IS Equity,PNB HOUSING FINANCE LTD,PNBHO=Q5 is equity,PNBHO=U5 is equity,PNB HOUSING FIN Aug25,PNB HOUSING FIN Sep25,BBG01V9XSB58,BBG01VT8QDW9,650,650,774.1,,,,PNB HOUSING FIN Sep25,BBG01V9XSB58,BBG01VT8QDW9,650,782.85,650
,POLIC,POLICYBZ IS Equity,PB FINTECH LTD,POLIC=Q5 is equity,POLIC=U5 is equity,PB FINTECH LTD Aug25,PB FINTECH LTD Sep25,BBG01V9XSDB7,BBG01VT8QH87,350,350,1843.6,,,,PB FINTECH LTD Sep25,BBG01V9XSDB7,BBG01VT8QH87,350,1837.1,350
,POLYC,POLYCAB IS Equity,POLYCAB INDIA LTD,POLYC=Q5 is equity,POLYC=U5 is equity,POLYCAB INDIA LTD Aug25,POLYCAB INDIA LTD Sep25,BBG01V9XSC56,BBG01VT8QG25,125,125,6931,,,,POLYCAB INDIA LTD Sep25,BBG01V9XSC56,BBG01VT8QG25,125,7056.5,125
,POONA,POONAWAL IS Equity,POONAWALLA FINCORP LTD,POONA=Q5 is equity,NA,POONAWALLA FINCO Aug25,#N/A Invalid Security,BBG01V9XSDD5,#N/A Invalid Security,1700,#N/A Invalid Security,460.45,,,,#N/A Invalid Security,BBG01V9XSDD5,#N/A Invalid Security,1700,453.05,#N/A Invalid Security
,PWGR,PWGR IS Equity,POWER GRID CORP OF INDIA LTD,PWGR=Q5 is equity,PWGR=U5 is equity,Power Grid Corp Aug25,Power Grid Corp Sep25,BBG01V9XSK30,BBG01VT8QN39,1900,1900,287.9,,,,Power Grid Corp Sep25,BBG01V9XSK30,BBG01VT8QN39,1900,280.2,1900
,PEPL,PEPL IS Equity,PRESTIGE ESTATES PROJECTS,PEPL=Q5 is equity,PEPL=U5 is equity,PRESTIGE ESTATES Aug25,PRESTIGE ESTATES Sep25,BBG01V9XSDF3,BBG01VT8QH96,450,450,1611.8,,,,PRESTIGE ESTATES Sep25,BBG01V9XSDF3,BBG01VT8QH96,450,1607.2,450
,RBK,RBK IS Equity,RBL BANK LTD,RBK=Q5 is equity,RBK=U5 is equity,RBL BANK LTD Aug25,RBL BANK LTD Sep25,BBG01V9XSLJ1,BBG01VT8QPL4,3175,3175,256.75,,,,RBL BANK LTD Sep25,BBG01V9XSLJ1,BBG01VT8QPL4,3175,254.7,3175
RECLTD,RECL,RECL IS Equity,REC LTD,RECL=Q5 is equity,RECL=U5 is equity,Rural Electri Aug25,Rural Electri Sep25,BBG01V9XSK67,BBG01VT8QN57,1275,1275,383.1,,,,Rural Electri Sep25,BBG01V9XSK67,BBG01VT8QN57,1275,363.7,1275
,RIL,RELIANCE IS Equity,RELIANCE INDUSTRIES LTD,RIL=Q5 is equity,RIL=U5 is equity,Reliance Industry Aug25,Reliance Industry Sep25,BBG01V9XSGW7,BBG01VT8QKB6,500,500,1381.3,,,,Reliance Industry Sep25,BBG01V9XSGW7,BBG01VT8QKB6,500,1386.5,500
,SAIL,SAIL IS Equity,STEEL AUTHORITY OF INDIA,SAIL=Q5 is equity,SAIL=U5 is equity,Steel Authority Aug25,Steel Authority Sep25,BBG01V9XSGC9,BBG01VT8QJW6,4700,4700,121.64,,,,Steel Authority Sep25,BBG01V9XSGC9,BBG01VT8QJW6,4700,120.09,4700
,SBICA,SBICARD IS Equity,SBI CARDS & PAYMENT SERVICES,SBICA=Q5 is equity,SBICA=U5 is equity,SBI CARDS & PAYM Aug25,SBI CARDS & PAYM Sep25,BBG01V9XSCD7,BBG01VT8QGB5,800,800,792,,,,SBI CARDS & PAYM Sep25,BBG01V9XSCD7,BBG01VT8QGB5,800,809,800
,SBILI,SBILIFE IS Equity,SBI LIFE INSURANCE CO LTD,SBILI=Q5 is equity,SBILI=U5 is equity,SBI LIFE INSURAN Aug25,SBI LIFE INSURAN Sep25,BBG01V9XSBD9,BBG01VT8QF45,375,375,1852.1,,,,SBI LIFE INSURAN Sep25,BBG01V9XSBD9,BBG01VT8QF45,375,1815.5,375
,SBIN,SBIN IS Equity,STATE BANK OF INDIA,SBIN=Q5 is equity,SBIN=U5 is equity,State Bank India Aug25,State Bank India Sep25,BBG01V9XSGB0,BBG01VT8QJV7,750,750,825.7,,,,State Bank India Sep25,BBG01V9XSGB0,BBG01VT8QJV7,750,809.1,750
,SRCM,SRCM IS Equity,SHREE CEMENT LTD,SRCM=Q5 is equity,SRCM=U5 is equity,SHREE CEMENT Aug25,SHREE CEMENT Sep25,BBG01V9XSLB9,BBG01VT8QP61,25,25,30595,,,,SHREE CEMENT Sep25,BBG01V9XSLB9,BBG01VT8QP61,25,30090,25
SHRIRAMFIN,SHFL,SHFL IS Equity,SHRIRAM FINANCE LTD,SHFL=Q5 is equity,SHFL=U5 is equity,Shriram Finance Aug25,Shriram Finance Sep25,BBG01V9XSHR1,BBG01VT8QL33,825,825,616.45,,,,Shriram Finance Sep25,BBG01V9XSHR1,BBG01VT8QL33,825,595.25,825
,SIEM,SIEM IS Equity,SIEMENS LTD,SIEM=Q5 is equity,SIEM=U5 is equity,Siemens India Ltd Aug25,Siemens India Ltd Sep25,BBG01V9XSHC7,BBG01VT8QKR9,125,125,3144,,,,Siemens India Ltd Sep25,BBG01V9XSHC7,BBG01VT8QKR9,125,3054.1,125
,SJVN,SJVN IS Equity,SJVN LTD,SJVN=Q5 is equity,NS,SJVN LTD Aug25,#N/A Invalid Security,BBG01V9XSDG2,#N/A Invalid Security,5875,#N/A Invalid Security,92.35,,,,#N/A Invalid Security,BBG01V9XSDG2,#N/A Invalid Security,5875,99.51,#N/A Invalid Security
,SOIL,SOIL IS Equity,SOLAR INDUSTRIES INDIA LTD,SOIL=Q5 is equity,SOIL=U5 is equity,SOLAR INDUSTRIES Aug25,SOLAR INDUSTRIES Sep25,BBG01V9XSDN4,BBG01VT8QHK3,75,75,15003,,,,SOLAR INDUSTRIES Sep25,BBG01V9XSDN4,BBG01VT8QHK3,75,14223,75
,SONAC,SONACOMS IS Equity,SONA BLW PRECISION FORGINGS,SONAC=Q5 is equity,SONAC=U5 is equity,SONA BLW PRECISI Aug25,SONA BLW PRECISI Sep25,BBG01V9XSDH1,BBG01VT8QHB3,1050,1050,446.95,,,,SONA BLW PRECISI Sep25,BBG01V9XSDH1,BBG01VT8QHB3,1050,454.85,1050
,SRF,SRF IS Equity,SRF LTD,SRF=Q5 is equity,SRF=U5 is equity,SRF Ltd Aug25,SRF Ltd Sep25,BBG01V9XSKS3,BBG01VT8QNR3,200,200,2841.6,,,,SRF Ltd Sep25,BBG01V9XSKS3,BBG01VT8QNR3,200,2851,200
,SUNP,SUNP IS Equity,SUN PHARMACEUTICAL INDUS,SUNP=Q5 is equity,SUNP=U5 is equity,Sun Pharma Ind. Aug25,Sun Pharma Ind. Sep25,BBG01V9XSHW5,BBG01VT8QLV2,350,350,1646.5,,,,Sun Pharma Ind. Sep25,BBG01V9XSHW5,BBG01VT8QLV2,350,1597.9,350
,SI,SI IS Equity,SUPREME INDUSTRIES LTD,SI=Q5 is equity,SI=U5 is equity,SUPREME INDUSTRIES Aug25,SUPREME INDUSTRIES Sep25,BBG01V9XSCH3,BBG01VT8QGF1,175,175,4313.9,,,,SUPREME INDUSTRIES Sep25,BBG01V9XSCH3,BBG01VT8QGF1,175,4580.2,175
,SYNG,SYNG IS Equity,SYNGENE INTERNATIONAL LTD,SYNG=Q5 is equity,SYNG=U5 is equity,SYNGENE INTNL LTD Aug25,SYNGENE INTNL LTD Sep25,BBG01V9XSC65,BBG01VT8QG34,1000,1000,663.5,,,,SYNGENE INTNL LTD Sep25,BBG01V9XSC65,BBG01VT8QG34,1000,649.05,1000
,TTCH,TTCH IS Equity,TATA CHEMICALS LTD,TTCH=Q5 is equity,TTCH=U5 is equity,TATA CHEMICALS Aug25,TATA CHEMICALS Sep25,BBG01V9XSHH2,BBG01VT8QKW3,650,650,938.75,,,,TATA CHEMICALS Sep25,BBG01V9XSHH2,BBG01VT8QKW3,650,934.7,650
TATACONSUM,TATAC,TATACONS IS Equity,TATA CONSUMER PRODUCTS LTD,TATAC=Q5 is equity,TATAC=U5 is equity,Tata Cons Prod Aug25,Tata Cons Prod Sep25,BBG01V9XSHJ0,BBG01VT8QKX2,550,550,1058.3,,,,Tata Cons Prod Sep25,BBG01V9XSHJ0,BBG01VT8QKX2,550,1081.2,550
,TELX,TELX IS Equity,TATA ELXSI LTD,TELX=Q5 is equity,TELX=U5 is equity,TATA ELXSI LTD Aug25,TATA ELXSI LTD Sep25,BBG01V9XSL01,BBG01VT8QNZ4,100,100,5675,,,,TATA ELXSI LTD Sep25,BBG01V9XSL01,BBG01VT8QNZ4,100,5456,100
,TTMT,TTMT IS Equity,TATA MOTORS LTD,TTMT=Q5 is equity,TTMT=U5 is equity,Tata Motors Ltd Aug25,Tata Motors Ltd Sep25,BBG01V9XSHD6,BBG01VT8QKS8,800,800,660.15,,,,Tata Motors Ltd Sep25,BBG01V9XSHD6,BBG01VT8QKS8,800,681,800
,TPWR,TPWR IS Equity,TATA POWER CO LTD,TPWR=Q5 is equity,TPWR=U5 is equity,TATA POWER CO Aug25,TATA POWER CO Sep25,BBG01V9XSGX6,BBG01VT8QKC5,1450,1450,385.2,,,,TATA POWER CO Sep25,BBG01V9XSGX6,BBG01VT8QKC5,1450,378.25,1450
,TATA,TATA IS Equity,TATA STEEL LTD,TATA=Q5 is equity,TATA=U5 is equity,TATA STEEL LTD Aug25,TATA STEEL LTD Sep25,BBG01V9XSH19,BBG01VT8QKH0,5500,5500,157.2,,,,TATA STEEL LTD Sep25,BBG01V9XSH19,BBG01VT8QKH0,5500,155.2,5500
,TATAT,TATATECH IS Equity,TATA TECHNOLOGIES CO,TATAT=Q5 is equity,TATAT=U5 is equity,TATATECH Aug25,TATATECH Sep25,BBG01V9XSF77,BBG01VT8QHQ7,800,800,667.9,,,,TATATECH Sep25,BBG01V9XSF77,BBG01VT8QHQ7,800,681.15,800
,TCS,TCS IS Equity,TATA CONSULTANCY SVCS LTD,TCS=Q5 is equity,TCS=U5 is equity,Tata Consultancy Aug25,Tata Consultancy Sep25,BBG01V9XSJT5,BBG01VT8QMR5,175,175,3047.8,,,,Tata Consultancy Sep25,BBG01V9XSJT5,BBG01VT8QMR5,175,3152.5,175
,TECHM,TECHM IS Equity,TECH MAHINDRA LTD,TECHM=Q5 is equity,TECHM=U5 is equity,Tech Mahindra Aug25,Tech Mahindra Sep25,BBG01V9XSJY9,BBG01VT8QMX8,600,600,1511.2,,,,Tech Mahindra Sep25,BBG01V9XSJY9,BBG01VT8QMX8,600,1503.8,600
,TIIND,TIINDIA IS Equity,TUBE INVESTMENTS OF INDIA LT,TIIND=Q5 is equity,TIIND=U5 is equity,TUBE INVESTMENTS Aug25,TUBE INVESTMENTS Sep25,BBG01V9XSDJ9,BBG01VT8QHC2,200,200,3059.7,,,,TUBE INVESTMENTS Sep25,BBG01V9XSDJ9,BBG01VT8QHC2,200,3034,200
,TITAG,TITAGARH IS Equity,TITAGARH RAIL SYSTEM LTD,TITAG=Q5 is equity,TITAG=U5 is equity,TITAGARH RAIL SYS Aug25,TITAGARH RAIL SYS Sep25,BBG01V9XSF40,BBG01VT8QHN0,725,725,805.05,,,,TITAGARH RAIL SYS Sep25,BBG01V9XSF40,BBG01VT8QHN0,725,871.25,725
,TTAN,TTAN IS Equity,TITAN CO LTD,TTAN=Q5 is equity,TTAN=U5 is equity,Titan Industries Aug25,Titan Industries Sep25,BBG01V9XSGD8,BBG01VT8QJX5,175,175,3474.7,,,,Titan Industries Sep25,BBG01V9XSGD8,BBG01VT8QJX5,175,3598.7,175
TORNTPHARM,TRP,TRP IS Equity,TORRENT PHARMACEUTICALS LTD,TRP=Q5 is equity,TRP=U5 is equity,TORRENT PHARMA Aug25,TORRENT PHARMA Sep25,BBG01V9XSKY6,BBG01VT8QNX6,250,250,3615.5,,,,TORRENT PHARMA Sep25,BBG01V9XSKY6,BBG01VT8QNX6,250,3611.3,250
TORNTPOWER,TPW,TPW IS Equity,TORRENT POWER LTD,TPW=Q5 is equity,TPW=U5 is equity,TORRENT POWER LTD Aug25,TORRENT POWER LTD Sep25,BBG01V9XSL56,BBG01VT8QP25,375,375,1353.4,,,,TORRENT POWER LTD Sep25,BBG01V9XSL56,BBG01VT8QP25,375,1268.3,375
,TRENT,TRENT IS Equity,TRENT LTD,TRENT=Q5 is equity,TRENT=U5 is equity,TRENT LIMITED Aug25,TRENT LIMITED Sep25,BBG01V9XSBY6,BBG01VT8QFL6,100,100,5439.5,,,,TRENT LIMITED Sep25,BBG01V9XSBY6,BBG01VT8QFL6,100,5302.5,100
,TVSL,TVSL IS Equity,TVS MOTOR CO LTD,TVSL=Q5 is equity,TVSL=U5 is equity,TVS MOTOR Aug25,TVS MOTOR Sep25,BBG01V9XSJD2,BBG01VT8QMB2,350,350,2976.1,,,,TVS MOTOR Sep25,BBG01V9XSJD2,BBG01VT8QMB2,350,3276,350
ULTRACEMCO,UTCEM,UTCEM IS Equity,ULTRATECH CEMENT LTD,UTCEM=Q5 is equity,UTCEM=U5 is equity,Ultra Tech Cement Aug25,Ultra Tech Cement Sep25,BBG01V9XSJS6,BBG01VT8QMQ6,50,50,12392,,,,Ultra Tech Cement Sep25,BBG01V9XSJS6,BBG01VT8QMQ6,50,12604,50
,UNBK,UNBK IS Equity,UNION BANK OF INDIA,UNBK=Q5 is equity,UNBK=U5 is equity,Union Bank India Aug25,Union Bank India Sep25,BBG01V9XSJK4,BBG01VT8QMH6,4425,4425,134.73,,,,Union Bank India Sep25,BBG01V9XSJK4,BBG01VT8QMH6,4425,129.56,4425
,UNITD,UNITDSPR IS Equity,UNITED SPIRITS LTD,UNITD=Q5 is equity,UNITD=U5 is equity,UNITED SPIRITS Aug25,UNITED SPIRITS Sep25,BBG01V9XSJF0,BBG01VT8QMC1,400,400,1312.2,,,,UNITED SPIRITS Sep25,BBG01V9XSJF0,BBG01VT8QMC1,400,1301.9,400
,UPLL,UPLL IS Equity,UPL LTD,UPLL=Q5 is equity,UPLL=U5 is equity,UPL Ltd. Aug25,UPL Ltd. Sep25,BBG01V9XSHS0,BBG01VT8QL97,1355,1355,684.65,,,,UPL Ltd. Sep25,BBG01V9XSHS0,BBG01VT8QL97,1355,720,1355
,VBL,VBL IS Equity,VARUN BEVERAGES LTD,VBL=Q5 is equity,VBL=U5 is equity,VARUN BEVERAGES Aug25,VARUN BEVERAGES Sep25,BBG01V9XSDK7,BBG01VT8QHD1,1025,1025,501.05,,,,VARUN BEVERAGES Sep25,BBG01V9XSDK7,BBG01VT8QHD1,1025,509.65,1025
,VEDL,VEDL IS Equity,VEDANTA LTD,VEDL=Q5 is equity,VEDL=U5 is equity,Vedanta Aug25,Vedanta Sep25,BBG01V9XSKG6,BBG01VT8QNG5,1150,1150,430.65,,,,Vedanta Sep25,BBG01V9XSKG6,BBG01VT8QNG5,1150,427.9,1150
,VOLT,VOLT IS Equity,VOLTAS LTD,VOLT=Q5 is equity,VOLT=U5 is equity,Voltas Limited Aug25,Voltas Limited Sep25,BBG01V9XSHF4,BBG01VT8QKT7,375,375,1260.9,,,,Voltas Limited Sep25,BBG01V9XSHF4,BBG01VT8QKT7,375,1347.8,375
WIPRO,WPRO,WPRO IS Equity,WIPRO LTD,WPRO=Q5 is equity,WPRO=U5 is equity,Wipro Limited Aug25,Wipro Limited Sep25,BBG01V9XSHQ2,BBG01VT8QL24,3000,3000,244.04,,,,Wipro Limited Sep25,BBG01V9XSHQ2,BBG01VT8QL24,3000,252.29,3000
,YES,YES IS Equity,YES BANK LTD,YES=Q5 is equity,YES=U5 is equity,Yes Bank Ltd Aug25,Yes Bank Ltd Sep25,BBG01V9XSJW1,BBG01VT8QMV0,31100,31100,18.8,,,,Yes Bank Ltd Sep25,BBG01V9XSJW1,BBG01VT8QMV0,31100,18.94,31100
,ZYDUS,ZYDUSLIF IS Equity,ZYDUS LIFESCIENCES LTD,ZYDUS=Q5 is equity,ZYDUS=U5 is equity,ZYDUS LFSCI LTD Aug25,ZYDUS LFSCI LTD Sep25,BBG01V9XSKW8,BBG01VT8QNV8,900,900,994.95,,,,ZYDUS LFSCI LTD Sep25,BBG01V9XSKW8,BBG01VT8QNV8,900,985.35,900
,FORH,FORH IS Equity,FORTIS HEALTHCARE LTD,FORH=Q5 is equity,FORH=U5 is equity,FORTIS HEALTHCAR Aug25,FORTIS HEALTHCAR Sep25,BBG01VB15PQ6,BBG01VT8QN11,775,775,937.95,,,,FORTIS HEALTHCAR Sep25,BBG01VB15PQ6,BBG01VT8QN11,775,915.05,775
,PIRPH,PIRPHARM IS Equity,PIRAMAL PHARMA LTD,PIRPH=Q5 is equity,PIRPH=U5 is equity,PIRAMAL PHARMA LTD Aug25,PIRAMAL PHARMA LTD Sep25,BBG01V9XSFC1,BBG01VT8QHT4,2500,2500,192.14,,,,PIRAMAL PHARMA LTD Sep25,BBG01V9XSFC1,BBG01VT8QHT4,2500,189.16,2500
,UNOMI,UNOMINDA IS Equity,UNO MINDA LTD,UNOMI=Q5 is equity,UNOMI=U5 is equity,UNO Minda Limited Aug25,UNO Minda Limited Sep25,BBG01V9XSFG7,BBG01VT8QHV1,550,550,1131.8,,,,UNO Minda Limited Sep25,BBG01V9XSFG7,BBG01VT8QHV1,550,1278.9,550
,BDL,BDL IS Equity,BHARAT DYNAMICS LTD,BDL=Q5 is equity,BDL=U5 is equity,Bharat Dynamics LT Aug25,Bharat Dynamics LT Sep25,BBG01V9XSFK2,BBG01VT8QHX9,325,325,1599.4,,,,Bharat Dynamics LT Sep25,BBG01V9XSFK2,BBG01VT8QHX9,325,1482.4,325
,KAYNE,KAYNES IS Equity,KAYNES TECHNOLOGY INDIA LTD,KAYNE=Q5 is equity,KAYNE=U5 is equity,KAYNES TECHNOLOGY Aug25,KAYNES TECHNOLOGY Sep25,BBG01VB15PG7,BBG01VT8QHY8,100,100,6135,,,,KAYNES TECHNOLOGY Sep25,BBG01VB15PG7,BBG01VT8QHY8,100,6197,100
,MANKI,MANKIND IS Equity,MANKIND PHARMA LTD,MANKI=Q5 is equity,MANKI=U5 is equity,MANKIND PHARMA Aug25,MANKIND PHARMA Sep25,BBG01V9XSFN9,BBG01VT8QHZ7,225,225,2510.5,,,,MANKIND PHARMA Sep25,BBG01V9XSFN9,BBG01VT8QHZ7,225,2504.6,225
,MAZDO,MAZDOCKS IS Equity,MAZAGON DOCK SHIPBUILDERS LT,MAZDO=Q5 is equity,MAZDO=U5 is equity,MAZAGON DOCK SHIPB Aug25,MAZAGON DOCK SHIPB Sep25,BBG01V9XSFR5,BBG01VT8QJ01,175,175,2728.5,,,,MAZAGON DOCK SHIPB Sep25,BBG01V9XSFR5,BBG01VT8QJ01,175,2686.9,175
,RVNL,RVNL IS Equity,RAIL VIKAS NIGAM LTD,RVNL=Q5 is equity,RVNL=U5 is equity,Rail Vikas Nigam Aug25,Rail Vikas Nigam Sep25,BBG01V9XSFV0,BBG01VT8QJ10,1375,1375,326.3,,,,Rail Vikas Nigam Sep25,BBG01V9XSFV0,BBG01VT8QJ10,1375,311.9,1375
,BLSTR,BLSTR IS Equity,BLUE STAR LTD,BLSTR=Q5 is equity,BLSTR=U5 is equity,BLUE STAR LTD Aug25,BLUE STAR LTD Sep25,BBG01V9XSFY7,BBG01VT8QJ29,325,325,1749.5,,,,BLUE STAR LTD Sep25,BBG01V9XSFY7,BBG01VT8QJ29,325,1870.2,325
,360ON,360ONE IS Equity,360 ONE WAM LTD,360ON=Q5 is equity,360ON=U5 is equity,360 ONE WAM LTD Aug25,360 ONE WAM LTD Sep25,BBG01VT8QJ47,BBG01VT8QJ56,500,500,1033.3,,,,360 ONE WAM LTD Sep25,BBG01VT8QJ47,BBG01VT8QJ56,500,1085.4,500
,AMBER,AMBER IS Equity,AMBER ENTERPRISES INDIA LTD,AMBER=Q5 is equity,AMBER=U5 is equity,AMBER ENTERPRISES Aug25,AMBER ENTERPRISES Sep25,BBG01VT8QJ74,BBG01VT8QJ83,100,100,6910,,,,AMBER ENTERPRISES Sep25,BBG01VT8QJ74,BBG01VT8QJ83,100,7206,100
,KFINT,KFINTECH IS Equity,KFIN TECHNOLOGIES LTD,KFINT=Q5 is equity,KFINT=U5 is equity,KFIN TECHNOLOGIES Aug25,KFIN TECHNOLOGIES Sep25,BBG01VT8QJB9,BBG01VT8QJC8,450,450,1102.3,,,,KFIN TECHNOLOGIES Sep25,BBG01VT8QJB9,BBG01VT8QJC8,450,1054.8,450
,PGEL,PGEL IS Equity,PG ELECTROPLAST LTD,PGEL=Q5 is equity,PGEL=U5 is equity,PG ELECTROPLAST LT Aug25,PG ELECTROPLAST LT Sep25,BBG01VT8QJF5,BBG01VT8QJG4,700,700,485.85,,,,PG ELECTROPLAST LT Sep25,BBG01VT8QJF5,BBG01VT8QJG4,700,556.95,700
,SUEL,SUEL IS Equity,SUZLON ENERGY LTD,SUEL=Q5 is equity,SUEL=U5 is equity,SUZLON ENERGY Aug25,SUZLON ENERGY Sep25,BBG01WGH2QJ3,BBG01WGH2QK1,8000,8000,60.27,,,,SUZLON ENERGY Sep25,BBG01WGH2QJ3,BBG01WGH2QK1,8000,57.1,8000
NUVAMA,NUVAM,NUVAMA IS Equity,NUVAMA WEALTH MANAGEMENT LTD,NUVAM=Q5 is equity,NUVAM=U5 is equity,NUVAMA WEALTH MA Aug25,NUVAMA WEALTH MA Sep25,BBG01WGD1849,BBG01WGD1858,75,75,7100,,,,NUVAMA WEALTH MA Sep25,BBG01WGD1849,BBG01WGD1858,75,6737.5,75
ABB,ABB,ABB IS Equity,ABB INDIA LTD,,,,,,,,,,,,,,,,,,
ABCAP,ABCAP,ABCAP IS Equity,ADITYA BIRLA CAPITAL LTD,,,,,,,,,,,,,,,,,,
ABFRL,ABFRL,ABFRL IS Equity,ADITYA BIRLA FASHION AND RET,,,,,,,,,,,,,,,,,,
ADANIENS,ADANE,ADANIENS IS Equity,ADANI ENERGY SOLUTIONS LTD,,,,,,,,,,,,,,,,,,
ADE,ADE,ADE IS Equity,ADANI ENTERPRISES LTD,,,,,,,,,,,,,,,,,,
ADANIGR,ADANG,ADANIGR IS Equity,ADANI GREEN ENERGY LTD,,,,,,,,,,,,,,,,,,
ADSEZ,ADSEZ,ADSEZ IS Equity,ADANI PORTS AND SPECIAL ECON,,,,,,,,,,,,,,,,,,
ALKEM,ALKEM,ALKEM IS Equity,ALKEM LABORATORIES LTD,,,,,,,,,,,,,,,,,,
ACEM,ACEM,ACEM IS Equity,AMBUJA CEMENTS LTD,,,,,,,,,,,,,,,,,,
ANGELONE,ANGEL,ANGELONE IS Equity,ANGEL ONE LTD,,,,,,,,,,,,,,,,,,
APAT,APAT,APAT IS Equity,APL APOLLO TUBES LTD,,,,,,,,,,,,,,,,,,
APHS,APHS,APHS IS Equity,APOLLO HOSPITALS ENTERPRISE,,,,,,,,,,,,,,,,,,
AL,AL,AL IS Equity,ASHOK LEYLAND LTD,,,,,,,,,,,,,,,,,,
APNT,APNT,APNT IS Equity,ASIAN PAINTS LTD,,,,,,,,,,,,,,,,,,
ASTRA,ASTRA,ASTRA IS Equity,ASTRAL LTD,,,,,,,,,,,,,,,,,,
ATGL,ATGL,ATGL IS Equity,ADANI TOTAL GAS LTD,,,,,,,,,,,,,,,,,,
AUBANK,AUBAN,AUBANK IS Equity,AU SMALL FINANCE BANK LTD,,,,,,,,,,,,,,,,,,
ARBP,ARBP,ARBP IS Equity,AUROBINDO PHARMA LTD,,,,,,,,,,,,,,,,,,
AXSB,AXSB,AXSB IS Equity,AXIS BANK LTD,,,,,,,,,,,,,,,,,,
BJAUT,BJAUT,BJAUT IS Equity,BAJAJ AUTO LTD,,,,,,,,,,,,,,,,,,
BJFIN,BJFIN,BJFIN IS Equity,BAJAJ FINSERV LTD,,,,,,,,,,,,,,,,,,
BAF,BAF,BAF IS Equity,BAJAJ FINANCE LTD,,,,,,,,,,,,,,,,,,
BANDHAN,BANDH,BANDHAN IS Equity,BANDHAN BANK LTD,,,,,,,,,,,,,,,,,,
BOB,BOB,BOB IS Equity,BANK OF BARODA,,,,,,,,,,,,,,,,,,
BOI,BOI,BOI IS Equity,BANK OF INDIA,,,,,,,,,,,,,,,,,,
BHE,BHE,BHE IS Equity,BHARAT ELECTRONICS LTD,,,,,,,,,,,,,,,,,,
BHFC,BHFC,BHFC IS Equity,BHARAT FORGE LTD,,,,,,,,,,,,,,,,,,
BHARTI,BHART,BHARTI IS Equity,BHARTI AIRTEL LTD,,,,,,,,,,,,,,,,,,
BHEL,BHEL,BHEL IS Equity,BHARAT HEAVY ELECTRICALS,,,,,,,,,,,,,,,,,,
BIOS,BIOS,BIOS IS Equity,BIOCON LTD,,,,,,,,,,,,,,,,,,
BOS,BOS,BOS IS Equity,BOSCH LTD,,,,,,,,,,,,,,,,,,
BPCL,BPCL,BPCL IS Equity,BHARAT PETROLEUM CORP LTD,,,,,,,,,,,,,,,,,,
BRIT,BRIT,BRIT IS Equity,BRITANNIA INDUSTRIES LTD,,,,,,,,,,,,,,,,,,
BSE,BSE,BSE IS Equity,BSE LTD,,,,,,,,,,,,,,,,,,
CAMS,CAMS,CAMS IS Equity,COMPUTER AGE MANAGEMENT SERV,,,,,,,,,,,,,,,,,,
CBK,CBK,CBK IS Equity,CANARA BANK,,,,,,,,,,,,,,,,,,
CDSL,CDSL,CDSL IS Equity,CENTRAL DEPOSITORY SERVICES,,,,,,,,,,,,,,,,,,
CESC,CESC,CESC IS Equity,CESC LTD,,,,,,,,,,,,,,,,,,
CGPOWER,CGPOW,CGPOWER IS Equity,CG POWER AND INDUSTRIAL SOLU,,,,,,,,,,,,,,,,,,
CIFC,CIFC,CIFC IS Equity,CHOLAMANDALAM INVESTMENT AND,,,,,,,,,,,,,,,,,,
CIPLA,CIPLA,CIPLA IS Equity,CIPLA LTD,,,,,,,,,,,,,,,,,,
COAL,COAL,COAL IS Equity,COAL INDIA LTD,,,,,,,,,,,,,,,,,,
COFORGE,COFOR,COFORGE IS Equity,COFORGE LIMITED,,,,,,,,,,,,,,,,,,
CLGT,CLGT,CLGT IS Equity,COLGATE PALMOLIVE (INDIA),,,,,,,,,,,,,,,,,,
CCRI,CCRI,CCRI IS Equity,CONTAINER CORP OF INDIA LTD,,,,,,,,,,,,,,,,,,
CROMPTON,CROMP,CROMPTON IS Equity,CROMPTON GREAVES CONSUMER EL,,,,,,,,,,,,,,,,,,
KKC,KKC,KKC IS Equity,CUMMINS INDIA LTD,,,,,,,,,,,,,,,,,,
CYL,CYL,CYL IS Equity,CYIENT LTD,,,,,,,,,,,,,,,,,,
DABUR,DABUR,DABUR IS Equity,DABUR INDIA LTD,,,,,,,,,,,,,,,,,,
DALBHARA,DALBH,DALBHARA IS Equity,DALMIA BHARAT LTD,,,,,,,,,,,,,,,,,,
DELHIVER,DELHV,DELHIVER IS Equity,DELHIVERY LTD,,,,,,,,,,,,,,,,,,
DIVI,DIVI,DIVI IS Equity,DIVI'S LABORATORIES LTD,,,,,,,,,,,,,,,,,,
DIXON,DIXON,DIXON IS Equity,DIXON TECHNOLOGIES INDIA LTD,,,,,,,,,,,,,,,,,,
DLFU,DLFU,DLFU IS Equity,DLF LTD,,,,,,,,,,,,,,,,,,
DMART,DMART,DMART IS Equity,AVENUE SUPERMARTS LTD,,,,,,,,,,,,,,,,,,
DRRD,DRRD,DRRD IS Equity,DR. REDDY'S LABORATORIES,,,,,,,,,,,,,,,,,,
EIM,EIM,EIM IS Equity,EICHER MOTORS LTD,,,,,,,,,,,,,,,,,,
ETERNAL,ETERN,ETERNAL IS Equity,ETERNAL LTD,,,,,,,,,,,,,,,,,,
EXID,EXID,EXID IS Equity,EXIDE INDUSTRIES LTD,,,,,,,,,,,,,,,,,,
FB,FB,FB IS Equity,FEDERAL BANK LTD,,,,,,,,,,,,,,,,,,
GAIL,GAIL,GAIL IS Equity,GAIL INDIA LTD,,,,,,,,,,,,,,,,,,
GNP,GNP,GNP IS Equity,GLENMARK PHARMACEUTICALS LTD,,,,,,,,,,,,,,,,,,
GMRAIRPO,GMRAI,GMRAIRPO IS Equity,GMR AIRPORTS LTD,,,,,,,,,,,,,,,,,,
GCPL,GCPL,GCPL IS Equity,GODREJ CONSUMER PRODUCTS LTD,,,,,,,,,,,,,,,,,,
GPL,GPL,GPL IS Equity,GODREJ PROPERTIES LTD,,,,,,,,,,,,,,,,,,
GRAN,GRAN,GRAN IS Equity,GRANULES INDIA LTD,,,,,,,,,,,,,,,,,,
GRASIM,GRASI,GRASIM IS Equity,GRASIM INDUSTRIES LTD,,,,,,,,,,,,,,,,,,
HNAL,HNAL,HNAL IS Equity,HINDUSTAN AERONAUTICS LTD,,,,,,,,,,,,,,,,,,
HAVL,HAVL,HAVL IS Equity,HAVELLS INDIA LTD,,,,,,,,,,,,,,,,,,
HCLT,HCLT,HCLT IS Equity,HCL TECHNOLOGIES LTD,,,,,,,,,,,,,,,,,,
HDFCAMC,HAMC,HDFCAMC IS Equity,HDFC ASSET MANAGEMENT CO LTD,,,,,,,,,,,,,,,,,,
HDFCB,HDFCB,HDFCB IS Equity,HDFC BANK LIMITED,,,,,,,,,,,,,,,,,,
HDFCLIFE,HDFCL,HDFCLIFE IS Equity,HDFC LIFE INSURANCE CO LTD,,,,,,,,,,,,,,,,,,
HMCL,HMCL,HMCL IS Equity,HERO MOTOCORP LTD,,,,,,,,,,,,,,,,,,
HMFC,HMFC,HMFC IS Equity,HFCL LTD,,,,,,,,,,,,,,,,,,
HNDL,HNDL,HNDL IS Equity,HINDALCO INDUSTRIES LTD,,,,,,,,,,,,,,,,,,
HPCL,HPCL,HPCL IS Equity,HINDUSTAN PETROLEUM CORP,,,,,,,,,,,,,,,,,,
HUVR,HUVR,HUVR IS Equity,HINDUSTAN UNILEVER LTD,,,,,,,,,,,,,,,,,,
HZ,HZ,HZ IS Equity,HINDUSTAN ZINC LTD,,,,,,,,,,,,,,,,,,
HUDCO,HUDCO,HUDCO IS Equity,HOUSING & URBAN DEV CORP LTD,,,,,,,,,,,,,,,,,,
ICICIBC,ICICI,ICICIBC IS Equity,ICICI BANK LTD,,,,,,,,,,,,,,,,,,
ICICIGI,ICICG,ICICIGI IS Equity,ICICI LOMBARD GENERAL INSURA,,,,,,,,,,,,,,,,,,
IPRU,IPRU,IPRU IS Equity,ICICI PRUDENTIAL LIFE INSURA,,,,,,,,,,,,,,,,,,
IDEA,IDEA,IDEA IS Equity,VODAFONE IDEA LTD,,,,,,,,,,,,,,,,,,
IDFCFB,IDFCF,IDFCFB IS Equity,IDFC FIRST BANK LTD,,,,,,,,,,,,,,,,,,
IEX,IEX,IEX IS Equity,INDIAN ENERGY EXCHANGE LTD,,,,,,,,,,,,,,,,,,
IGL,IGL,IGL IS Equity,INDRAPRASTHA GAS LTD,,,,,,,,,,,,,,,,,,
IIFL,IIFL,IIFL IS Equity,IIFL FINANCE LTD,,,,,,,,,,,,,,,,,,
IH,IH,IH IS Equity,INDIAN HOTELS CO LTD,,,,,,,,,,,,,,,,,,
INBK,INBK,INBK IS Equity,INDIAN BANK,,,,,,,,,,,,,,,,,,
INDIGO,INDIG,INDIGO IS Equity,INTERGLOBE AVIATION LTD,,,,,,,,,,,,,,,,,,
IIB,IIB,IIB IS Equity,INDUSIND BANK LTD,,,,,,,,,,,,,,,,,,
INDUSTOW,INDUS,INDUSTOW IS Equity,INDUS TOWERS LTD,,,,,,,,,,,,,,,,,,
INFO,INFO,INFO IS Equity,INFOSYS LTD,,,,,,,,,,,,,,,,,,
INXW,INXW,INXW IS Equity,INOX WIND LTD,,,,,,,,,,,,,,,,,,
IOCL,IOCL,IOCL IS Equity,INDIAN OIL CORP LTD,,,,,,,,,,,,,,,,,,
IRB,IRB,IRB IS Equity,IRB INFRASTRUCTURE DEVELOPER,,,,,,,,,,,,,,,,,,
IRCTC,IRCTC,IRCTC IS Equity,INDIAN RAILWAY CATERING & TO,,,,,,,,,,,,,,,,,,
IREDA,IREDA,IREDA IS Equity,INDIAN RENEWABLE ENERGY DEVE,,,,,,,,,,,,,,,,,,
IRFC,IRFC,IRFC IS Equity,INDIAN RAILWAY FINANCE CORP,,,,,,,,,,,,,,,,,,
ITC,ITC,ITC IS Equity,ITC LTD,,,,,,,,,,,,,,,,,,
JSP,JSP,JSP IS Equity,JINDAL STEEL & POWER LTD,,,,,,,,,,,,,,,,,,
JIOFIN,JIOFI,JIOFIN IS Equity,JIO FINANCIAL SERVICES LTD,,,,,,,,,,,,,,,,,,
JDSL,JDSL,JDSL IS Equity,JINDAL STAINLESS LTD,,,,,,,,,,,,,,,,,,
JSW,JSW,JSW IS Equity,JSW ENERGY LTD,,,,,,,,,,,,,,,,,,
JSTL,JSTL,JSTL IS Equity,JSW STEEL LTD,,,,,,,,,,,,,,,,,,
JUBI,JUBI,JUBI IS Equity,JUBILANT FOODWORKS LTD,,,,,,,,,,,,,,,,,,
KALYANKJ,KALYA,KALYANKJ IS Equity,KALYAN JEWELLERS INDIA LTD,,,,,,,,,,,,,,,,,,
KEII,KEII,KEII IS Equity,KEI INDUSTRIES LTD,,,,,,,,,,,,,,,,,,
KMB,KMB,KMB IS Equity,KOTAK MAHINDRA BANK LTD,,,,,,,,,,,,,,,,,,
KPITTECH,KPITT,KPITTECH IS Equity,KPIT TECHNOLOGIES LTD,,,,,,,,,,,,,,,,,,
LAURUS,LAURU,LAURUS IS Equity,LAURUS LABS LTD,,,,,,,,,,,,,,,,,,
LICHF,LICHF,LICHF IS Equity,LIC HOUSING FINANCE LTD,,,,,,,,,,,,,,,,,,
LICI,LICI,LICI IS Equity,LIFE INSURANCE CORPORATION,,,,,,,,,,,,,,,,,,
LODHA,LODHA,LODHA IS Equity,LODHA DEVELOPERS LTD,,,,,,,,,,,,,,,,,,
LT,LT,LT IS Equity,LARSEN & TOUBRO LTD,,,,,,,,,,,,,,,,,,
LTF,LTF,LTF IS Equity,L&T FINANCE LTD,,,,,,,,,,,,,,,,,,
LTIM,LTIM,LTIM IS Equity,LTIMINDTREE LTD,,,,,,,,,,,,,,,,,,
LPC,LPC,LPC IS Equity,LUPIN LTD,,,,,,,,,,,,,,,,,,
MM,MM,MM IS Equity,MAHINDRA & MAHINDRA LTD,,,,,,,,,,,,,,,,,,
MGFL,MGFL,MGFL IS Equity,MANAPPURAM FINANCE LTD,,,,,,,,,,,,,,,,,,
MRCO,MRCO,MRCO IS Equity,MARICO LTD,,,,,,,,,,,,,,,,,,
MSIL,MSIL,MSIL IS Equity,MARUTI SUZUKI INDIA LTD,,,,,,,,,,,,,,,,,,
MAXHEALT,MAXHE,MAXHEALT IS Equity,MAX HEALTHCARE INSTITUTE LTD,,,,,,,,,,,,,,,,,,
MCX,MCX,MCX IS Equity,MULTI COMMODITY EXCH INDIA,,,,,,,,,,,,,,,,,,
MAXF,MAXF,MAXF IS Equity,MAX FINANCIAL SERVICES LTD,,,,,,,,,,,,,,,,,,
MOTHERSO,MOTHE,MOTHERSO IS Equity,SAMVARDHANA MOTHERSON INTERN,,,,,,,,,,,,,,,,,,
MPHL,MPHL,MPHL IS Equity,MPHASIS LTD,,,,,,,,,,,,,,,,,,
MUTH,MUTH,MUTH IS Equity,MUTHOOT FINANCE LTD,,,,,,,,,,,,,,,,,,
NACL,NACL,NACL IS Equity,NATIONAL ALUMINIUM CO LTD,,,,,,,,,,,,,,,,,,
INFOE,INFOE,INFOE IS Equity,INFO EDGE INDIA LTD,,,,,,,,,,,,,,,,,,
NBCC,NBCC,NBCC IS Equity,NBCC INDIA LTD,,,,,,,,,,,,,,,,,,
NJCC,NJCC,NJCC IS Equity,NCC LTD,,,,,,,,,,,,,,,,,,
NEST,NEST,NEST IS Equity,NESTLE INDIA LTD,,,,,,,,,,,,,,,,,,
NHPC,NHPC,NHPC IS Equity,NHPC LTD,,,,,,,,,,,,,,,,,,
NMDC,NMDC,NMDC IS Equity,NMDC LTD,,,,,,,,,,,,,,,,,,
NTPC,NTPC,NTPC IS Equity,NTPC LTD,,,,,,,,,,,,,,,,,,
NYKAA,NYKAA,NYKAA IS Equity,FSN E-COMMERCE VENTURES LTD,,,,,,,,,,,,,,,,,,
OBER,OBER,OBER IS Equity,OBEROI REALTY LTD,,,,,,,,,,,,,,,,,,
OFSS,OFSS,OFSS IS Equity,ORACLE FINANCIAL SERVICES,,,,,,,,,,,,,,,,,,
OINL,OINL,OINL IS Equity,OIL INDIA LTD,,,,,,,,,,,,,,,,,,
ONGC,ONGC,ONGC IS Equity,OIL & NATURAL GAS CORP LTD,,,,,,,,,,,,,,,,,,
PAG,PAG,PAG IS Equity,PAGE INDUSTRIES LTD,,,,,,,,,,,,,,,,,,
PATANJAL,PATAN,PATANJAL IS Equity,PATANJALI FOODS LTD,,,,,,,,,,,,,,,,,,
PAYTM,PAYTM,PAYTM IS Equity,ONE 97 COMMUNICATIONS LTD,,,,,,,,,,,,,,,,,,
PSYS,PSYS,PSYS IS Equity,PERSISTENT SYSTEMS LTD,,,,,,,,,,,,,,,,,,
PLNG,PLNG,PLNG IS Equity,PETRONET LNG LTD,,,,,,,,,,,,,,,,,,
POWF,POWF,POWF IS Equity,POWER FINANCE CORPORATION,,,,,,,,,,,,,,,,,,
PHNX,PHNX,PHNX IS Equity,PHOENIX MILLS LTD,,,,,,,,,,,,,,,,,,
PIDI,PIDI,PIDI IS Equity,PIDILITE INDUSTRIES LTD,,,,,,,,,,,,,,,,,,
PI,PI,PI IS Equity,PI INDUSTRIES LTD,,,,,,,,,,,,,,,,,,
PNB,PNB,PNB IS Equity,PUNJAB NATIONAL BANK,,,,,,,,,,,,,,,,,,
PNBHOUSI,PNBHO,PNBHOUSI IS Equity,PNB HOUSING FINANCE LTD,,,,,,,,,,,,,,,,,,
POLICYBZ,POLIC,POLICYBZ IS Equity,PB FINTECH LTD,,,,,,,,,,,,,,,,,,
POLYCAB,POLYC,POLYCAB IS Equity,POLYCAB INDIA LTD,,,,,,,,,,,,,,,,,,
POONAWAL,POONA,POONAWAL IS Equity,POONAWALLA FINCORP LTD,,,,,,,,,,,,,,,,,,
PWGR,PWGR,PWGR IS Equity,POWER GRID CORP OF INDIA LTD,,,,,,,,,,,,,,,,,,
PEPL,PEPL,PEPL IS Equity,PRESTIGE ESTATES PROJECTS,,,,,,,,,,,,,,,,,,
RBK,RBK,RBK IS Equity,RBL BANK LTD,,,,,,,,,,,,,,,,,,
RECL,RECL,RECL IS Equity,REC LTD,,,,,,,,,,,,,,,,,,
RELIANCE,RIL,RELIANCE IS Equity,RELIANCE INDUSTRIES LTD,,,,,,,,,,,,,,,,,,
SAIL,SAIL,SAIL IS Equity,STEEL AUTHORITY OF INDIA,,,,,,,,,,,,,,,,,,
SBICARD,SBICA,SBICARD IS Equity,SBI CARDS & PAYMENT SERVICES,,,,,,,,,,,,,,,,,,
SBILIFE,SBILI,SBILIFE IS Equity,SBI LIFE INSURANCE CO LTD,,,,,,,,,,,,,,,,,,
SBIN,SBIN,SBIN IS Equity,STATE BANK OF INDIA,,,,,,,,,,,,,,,,,,
SRCM,SRCM,SRCM IS Equity,SHREE CEMENT LTD,,,,,,,,,,,,,,,,,,
SHFL,SHFL,SHFL IS Equity,SHRIRAM FINANCE LTD,,,,,,,,,,,,,,,,,,
SIEM,SIEM,SIEM IS Equity,SIEMENS LTD,,,,,,,,,,,,,,,,,,
SJVN,SJVN,SJVN IS Equity,SJVN LTD,,,,,,,,,,,,,,,,,,
SOIL,SOIL,SOIL IS Equity,SOLAR INDUSTRIES INDIA LTD,,,,,,,,,,,,,,,,,,
SONACOMS,SONAC,SONACOMS IS Equity,SONA BLW PRECISION FORGINGS,,,,,,,,,,,,,,,,,,
SRF,SRF,SRF IS Equity,SRF LTD,,,,,,,,,,,,,,,,,,
SUNP,SUNP,SUNP IS Equity,SUN PHARMACEUTICAL INDUS,,,,,,,,,,,,,,,,,,
SI,SI,SI IS Equity,SUPREME INDUSTRIES LTD,,,,,,,,,,,,,,,,,,
SYNG,SYNG,SYNG IS Equity,SYNGENE INTERNATIONAL LTD,,,,,,,,,,,,,,,,,,
TTCH,TTCH,TTCH IS Equity,TATA CHEMICALS LTD,,,,,,,,,,,,,,,,,,
TATACONS,TATAC,TATACONS IS Equity,TATA CONSUMER PRODUCTS LTD,,,,,,,,,,,,,,,,,,
TELX,TELX,TELX IS Equity,TATA ELXSI LTD,,,,,,,,,,,,,,,,,,
TTMT,TTMT,TTMT IS Equity,TATA MOTORS LTD,,,,,,,,,,,,,,,,,,
TPWR,TPWR,TPWR IS Equity,TATA POWER CO LTD,,,,,,,,,,,,,,,,,,
TATA,TATA,TATA IS Equity,TATA STEEL LTD,,,,,,,,,,,,,,,,,,
TATATECH,TATAT,TATATECH IS Equity,TATA TECHNOLOGIES CO,,,,,,,,,,,,,,,,,,
TCS,TCS,TCS IS Equity,TATA CONSULTANCY SVCS LTD,,,,,,,,,,,,,,,,,,
TECHM,TECHM,TECHM IS Equity,TECH MAHINDRA LTD,,,,,,,,,,,,,,,,,,
TIINDIA,TIIND,TIINDIA IS Equity,TUBE INVESTMENTS OF INDIA LT,,,,,,,,,,,,,,,,,,
TITAGARH,TITAG,TITAGARH IS Equity,TITAGARH RAIL SYSTEM LTD,,,,,,,,,,,,,,,,,,
TTAN,TTAN,TTAN IS Equity,TITAN CO LTD,,,,,,,,,,,,,,,,,,
TRP,TRP,TRP IS Equity,TORRENT PHARMACEUTICALS LTD,,,,,,,,,,,,,,,,,,
TPW,TPW,TPW IS Equity,TORRENT POWER LTD,,,,,,,,,,,,,,,,,,
TRENT,TRENT,TRENT IS Equity,TRENT LTD,,,,,,,,,,,,,,,,,,
TVSL,TVSL,TVSL IS Equity,TVS MOTOR CO LTD,,,,,,,,,,,,,,,,,,
UTCEM,UTCEM,UTCEM IS Equity,ULTRATECH CEMENT LTD,,,,,,,,,,,,,,,,,,
UNBK,UNBK,UNBK IS Equity,UNION BANK OF INDIA,,,,,,,,,,,,,,,,,,
UNITDSPR,UNITD,UNITDSPR IS Equity,UNITED SPIRITS LTD,,,,,,,,,,,,,,,,,,
UPLL,UPLL,UPLL IS Equity,UPL LTD,,,,,,,,,,,,,,,,,,
VBL,VBL,VBL IS Equity,VARUN BEVERAGES LTD,,,,,,,,,,,,,,,,,,
VEDL,VEDL,VEDL IS Equity,VEDANTA LTD,,,,,,,,,,,,,,,,,,
VOLT,VOLT,VOLT IS Equity,VOLTAS LTD,,,,,,,,,,,,,,,,,,
WPRO,WPRO,WPRO IS Equity,WIPRO LTD,,,,,,,,,,,,,,,,,,
YES,YES,YES IS Equity,YES BANK LTD,,,,,,,,,,,,,,,,,,
ZYDUSLIF,ZYDUS,ZYDUSLIF IS Equity,ZYDUS LIFESCIENCES LTD,,,,,,,,,,,,,,,,,,
FORH,FORH,FORH IS Equity,FORTIS HEALTHCARE LTD,,,,,,,,,,,,,,,,,,
PIRPHARM,PIRPH,PIRPHARM IS Equity,PIRAMAL PHARMA LTD,,,,,,,,,,,,,,,,,,
UNOMINDA,UNOMI,UNOMINDA IS Equity,UNO MINDA LTD,,,,,,,,,,,,,,,,,,
BDL,BDL,BDL IS Equity,BHARAT DYNAMICS LTD,,,,,,,,,,,,,,,,,,
KAYNES,KAYNE,KAYNES IS Equity,KAYNES TECHNOLOGY INDIA LTD,,,,,,,,,,,,,,,,,,
MANKIND,MANKI,MANKIND IS Equity,MANKIND PHARMA LTD,,,,,,,,,,,,,,,,,,
MAZDOCKS,MAZDO,MAZDOCKS IS Equity,MAZAGON DOCK SHIPBUILDERS LT,,,,,,,,,,,,,,,,,,
RVNL,RVNL,RVNL IS Equity,RAIL VIKAS NIGAM LTD,,,,,,,,,,,,,,,,,,
BLSTR,BLSTR,BLSTR IS Equity,BLUE STAR LTD,,,,,,,,,,,,,,,,,,
360ONE,360ON,360ONE IS Equity,360 ONE WAM LTD,,,,,,,,,,,,,,,,,,
AMBER,AMBER,AMBER IS Equity,AMBER ENTERPRISES INDIA LTD,,,,,,,,,,,,,,,,,,
KFINTECH,KFINT,KFINTECH IS Equity,KFIN TECHNOLOGIES LTD,,,,,,,,,,,,,,,,,,
PGEL,PGEL,PGEL IS Equity,PG ELECTROPLAST LTD,,,,,,,,,,,,,,,,,,
SUEL,SUEL,SUEL IS Equity,SUZLON ENERGY LTD,,,,,,,,,,,,,,,,,,
NUVAMA,NUVAM,NUVAMA IS Equity,NUVAMA WEALTH MANAGEMENT LTD,,,,,,,,,,,,,,,,,,
NUVAM,NUVAM,,,,,,,,,,,,,,,,,,,,
ABB,ABB,,,,,,,,,,,,,,,,,,,,
ABCAP,ABCAP,,,,,,,,,,,,,,,,,,,,
ABFRL,ABFRL,,,,,,,,,,,,,,,,,,,,
ADANE,ADANE,,,,,,,,,,,,,,,,,,,,
ADE,ADE,,,,,,,,,,,,,,,,,,,,
ADANG,ADANG,,,,,,,,,,,,,,,,,,,,
ADSEZ,ADSEZ,,,,,,,,,,,,,,,,,,,,
ALKEM,ALKEM,,,,,,,,,,,,,,,,,,,,
ACEM,ACEM,,,,,,,,,,,,,,,,,,,,
ANGEL,ANGEL,,,,,,,,,,,,,,,,,,,,
APAT,APAT,,,,,,,,,,,,,,,,,,,,
APHS,APHS,,,,,,,,,,,,,,,,,,,,
AL,AL,,,,,,,,,,,,,,,,,,,,
APNT,APNT,,,,,,,,,,,,,,,,,,,,
ASTRA,ASTRA,,,,,,,,,,,,,,,,,,,,
ATGL,ATGL,,,,,,,,,,,,,,,,,,,,
AUBAN,AUBAN,,,,,,,,,,,,,,,,,,,,
ARBP,ARBP,,,,,,,,,,,,,,,,,,,,
AXSB,AXSB,,,,,,,,,,,,,,,,,,,,
BJAUT,BJAUT,,,,,,,,,,,,,,,,,,,,
BJFIN,BJFIN,,,,,,,,,,,,,,,,,,,,
BAF,BAF,,,,,,,,,,,,,,,,,,,,
BANDH,BANDH,,,,,,,,,,,,,,,,,,,,
BOB,BOB,,,,,,,,,,,,,,,,,,,,
BOI,BOI,,,,,,,,,,,,,,,,,,,,
BHE,BHE,,,,,,,,,,,,,,,,,,,,
BHFC,BHFC,,,,,,,,,,,,,,,,,,,,
BHART,BHART,,,,,,,,,,,,,,,,,,,,
BHEL,BHEL,,,,,,,,,,,,,,,,,,,,
BIOS,BIOS,,,,,,,,,,,,,,,,,,,,
BOS,BOS,,,,,,,,,,,,,,,,,,,,
BPCL,BPCL,,,,,,,,,,,,,,,,,,,,
BRIT,BRIT,,,,,,,,,,,,,,,,,,,,
BSE,BSE,,,,,,,,,,,,,,,,,,,,
CAMS,CAMS,,,,,,,,,,,,,,,,,,,,
CBK,CBK,,,,,,,,,,,,,,,,,,,,
CDSL,CDSL,,,,,,,,,,,,,,,,,,,,
CESC,CESC,,,,,,,,,,,,,,,,,,,,
CGPOW,CGPOW,,,,,,,,,,,,,,,,,,,,
CIFC,CIFC,,,,,,,,,,,,,,,,,,,,
CIPLA,CIPLA,,,,,,,,,,,,,,,,,,,,
COAL,COAL,,,,,,,,,,,,,,,,,,,,
COFOR,COFOR,,,,,,,,,,,,,,,,,,,,
CLGT,CLGT,,,,,,,,,,,,,,,,,,,,
CCRI,CCRI,,,,,,,,,,,,,,,,,,,,
CROMP,CROMP,,,,,,,,,,,,,,,,,,,,
KKC,KKC,,,,,,,,,,,,,,,,,,,,
CYL,CYL,,,,,,,,,,,,,,,,,,,,
DABUR,DABUR,,,,,,,,,,,,,,,,,,,,
DALBH,DALBH,,,,,,,,,,,,,,,,,,,,
DELHV,DELHV,,,,,,,,,,,,,,,,,,,,
DIVI,DIVI,,,,,,,,,,,,,,,,,,,,
DIXON,DIXON,,,,,,,,,,,,,,,,,,,,
DLFU,DLFU,,,,,,,,,,,,,,,,,,,,
DMART,DMART,,,,,,,,,,,,,,,,,,,,
DRRD,DRRD,,,,,,,,,,,,,,,,,,,,
EIM,EIM,,,,,,,,,,,,,,,,,,,,
ETERN,ETERN,,,,,,,,,,,,,,,,,,,,
EXID,EXID,,,,,,,,,,,,,,,,,,,,
FB,FB,,,,,,,,,,,,,,,,,,,,
GAIL,GAIL,,,,,,,,,,,,,,,,,,,,
GNP,GNP,,,,,,,,,,,,,,,,,,,,
GMRAI,GMRAI,,,,,,,,,,,,,,,,,,,,
GCPL,GCPL,,,,,,,,,,,,,,,,,,,,
GPL,GPL,,,,,,,,,,,,,,,,,,,,
GRAN,GRAN,,,,,,,,,,,,,,,,,,,,
GRASI,GRASI,,,,,,,,,,,,,,,,,,,,
HNAL,HNAL,,,,,,,,,,,,,,,,,,,,
HAVL,HAVL,,,,,,,,,,,,,,,,,,,,
HCLT,HCLT,,,,,,,,,,,,,,,,,,,,
HAMC,HAMC,,,,,,,,,,,,,,,,,,,,
HDFCB,HDFCB,,,,,,,,,,,,,,,,,,,,
HDFCL,HDFCL,,,,,,,,,,,,,,,,,,,,
HMCL,HMCL,,,,,,,,,,,,,,,,,,,,
HMFC,HMFC,,,,,,,,,,,,,,,,,,,,
HNDL,HNDL,,,,,,,,,,,,,,,,,,,,
HPCL,HPCL,,,,,,,,,,,,,,,,,,,,
HUVR,HUVR,,,,,,,,,,,,,,,,,,,,
HZ,HZ,,,,,,,,,,,,,,,,,,,,
HUDCO,HUDCO,,,,,,,,,,,,,,,,,,,,
ICICI,ICICI,,,,,,,,,,,,,,,,,,,,
ICICG,ICICG,,,,,,,,,,,,,,,,,,,,
IPRU,IPRU,,,,,,,,,,,,,,,,,,,,
IDEA,IDEA,,,,,,,,,,,,,,,,,,,,
IDFCF,IDFCF,,,,,,,,,,,,,,,,,,,,
IEX,IEX,,,,,,,,,,,,,,,,,,,,
IGL,IGL,,,,,,,,,,,,,,,,,,,,
IIFL,IIFL,,,,,,,,,,,,,,,,,,,,
IH,IH,,,,,,,,,,,,,,,,,,,,
INBK,INBK,,,,,,,,,,,,,,,,,,,,
INDIG,INDIG,,,,,,,,,,,,,,,,,,,,
IIB,IIB,,,,,,,,,,,,,,,,,,,,
INDUS,INDUS,,,,,,,,,,,,,,,,,,,,
INFO,INFO,,,,,,,,,,,,,,,,,,,,
INXW,INXW,,,,,,,,,,,,,,,,,,,,
IOCL,IOCL,,,,,,,,,,,,,,,,,,,,
IRB,IRB,,,,,,,,,,,,,,,,,,,,
IRCTC,IRCTC,,,,,,,,,,,,,,,,,,,,
IREDA,IREDA,,,,,,,,,,,,,,,,,,,,
IRFC,IRFC,,,,,,,,,,,,,,,,,,,,
ITC,ITC,,,,,,,,,,,,,,,,,,,,
JSP,JSP,,,,,,,,,,,,,,,,,,,,
JIOFI,JIOFI,,,,,,,,,,,,,,,,,,,,
JDSL,JDSL,,,,,,,,,,,,,,,,,,,,
JSW,JSW,,,,,,,,,,,,,,,,,,,,
JSTL,JSTL,,,,,,,,,,,,,,,,,,,,
JUBI,JUBI,,,,,,,,,,,,,,,,,,,,
KALYA,KALYA,,,,,,,,,,,,,,,,,,,,
KEII,KEII,,,,,,,,,,,,,,,,,,,,
KMB,KMB,,,,,,,,,,,,,,,,,,,,
KPITT,KPITT,,,,,,,,,,,,,,,,,,,,
LAURU,LAURU,,,,,,,,,,,,,,,,,,,,
LICHF,LICHF,,,,,,,,,,,,,,,,,,,,
LICI,LICI,,,,,,,,,,,,,,,,,,,,
LODHA,LODHA,,,,,,,,,,,,,,,,,,,,
LT,LT,,,,,,,,,,,,,,,,,,,,
LTF,LTF,,,,,,,,,,,,,,,,,,,,
LTIM,LTIM,,,,,,,,,,,,,,,,,,,,
LPC,LPC,,,,,,,,,,,,,,,,,,,,
MM,MM,,,,,,,,,,,,,,,,,,,,
MGFL,MGFL,,,,,,,,,,,,,,,,,,,,
MRCO,MRCO,,,,,,,,,,,,,,,,,,,,
MSIL,MSIL,,,,,,,,,,,,,,,,,,,,
MAXHE,MAXHE,,,,,,,,,,,,,,,,,,,,
MCX,MCX,,,,,,,,,,,,,,,,,,,,
MAXF,MAXF,,,,,,,,,,,,,,,,,,,,
MOTHE,MOTHE,,,,,,,,,,,,,,,,,,,,
MPHL,MPHL,,,,,,,,,,,,,,,,,,,,
MUTH,MUTH,,,,,,,,,,,,,,,,,,,,
NACL,NACL,,,,,,,,,,,,,,,,,,,,
INFOE,INFOE,,,,,,,,,,,,,,,,,,,,
NBCC,NBCC,,,,,,,,,,,,,,,,,,,,
NJCC,NJCC,,,,,,,,,,,,,,,,,,,,
NEST,NEST,,,,,,,,,,,,,,,,,,,,
NHPC,NHPC,,,,,,,,,,,,,,,,,,,,
NMDC,NMDC,,,,,,,,,,,,,,,,,,,,
NTPC,NTPC,,,,,,,,,,,,,,,,,,,,
NYKAA,NYKAA,,,,,,,,,,,,,,,,,,,,
OBER,OBER,,,,,,,,,,,,,,,,,,,,
OFSS,OFSS,,,,,,,,,,,,,,,,,,,,
OINL,OINL,,,,,,,,,,,,,,,,,,,,
ONGC,ONGC,,,,,,,,,,,,,,,,,,,,
PAG,PAG,,,,,,,,,,,,,,,,,,,,
PATAN,PATAN,,,,,,,,,,,,,,,,,,,,
PAYTM,PAYTM,,,,,,,,,,,,,,,,,,,,
PSYS,PSYS,,,,,,,,,,,,,,,,,,,,
PLNG,PLNG,,,,,,,,,,,,,,,,,,,,
POWF,POWF,,,,,,,,,,,,,,,,,,,,
PHNX,PHNX,,,,,,,,,,,,,,,,,,,,
PIDI,PIDI,,,,,,,,,,,,,,,,,,,,
PI,PI,,,,,,,,,,,,,,,,,,,,
PNB,PNB,,,,,,,,,,,,,,,,,,,,
PNBHO,PNBHO,,,,,,,,,,,,,,,,,,,,
POLIC,POLIC,,,,,,,,,,,,,,,,,,,,
POLYC,POLYC,,,,,,,,,,,,,,,,,,,,
POONA,POONA,,,,,,,,,,,,,,,,,,,,
PWGR,PWGR,,,,,,,,,,,,,,,,,,,,
PEPL,PEPL,,,,,,,,,,,,,,,,,,,,
RBK,RBK,,,,,,,,,,,,,,,,,,,,
RECL,RECL,,,,,,,,,,,,,,,,,,,,
RIL,RIL,,,,,,,,,,,,,,,,,,,,
SAIL,SAIL,,,,,,,,,,,,,,,,,,,,
SBICA,SBICA,,,,,,,,,,,,,,,,,,,,
SBILI,SBILI,,,,,,,,,,,,,,,,,,,,
SBIN,SBIN,,,,,,,,,,,,,,,,,,,,
SRCM,SRCM,,,,,,,,,,,,,,,,,,,,
SHFL,SHFL,,,,,,,,,,,,,,,,,,,,
SIEM,SIEM,,,,,,,,,,,,,,,,,,,,
SJVN,SJVN,,,,,,,,,,,,,,,,,,,,
SOIL,SOIL,,,,,,,,,,,,,,,,,,,,
SONAC,SONAC,,,,,,,,,,,,,,,,,,,,
SRF,SRF,,,,,,,,,,,,,,,,,,,,
SUNP,SUNP,,,,,,,,,,,,,,,,,,,,
SI,SI,,,,,,,,,,,,,,,,,,,,
SYNG,SYNG,,,,,,,,,,,,,,,,,,,,
TTCH,TTCH,,,,,,,,,,,,,,,,,,,,
TATAC,TATAC,,,,,,,,,,,,,,,,,,,,
TELX,TELX,,,,,,,,,,,,,,,,,,,,
TTMT,TTMT,,,,,,,,,,,,,,,,,,,,
TPWR,TPWR,,,,,,,,,,,,,,,,,,,,
TATA,TATA,,,,,,,,,,,,,,,,,,,,
TATAT,TATAT,,,,,,,,,,,,,,,,,,,,
TCS,TCS,,,,,,,,,,,,,,,,,,,,
TECHM,TECHM,,,,,,,,,,,,,,,,,,,,
TIIND,TIIND,,,,,,,,,,,,,,,,,,,,
TITAG,TITAG,,,,,,,,,,,,,,,,,,,,
TTAN,TTAN,,,,,,,,,,,,,,,,,,,,
TRP,TRP,,,,,,,,,,,,,,,,,,,,
TPW,TPW,,,,,,,,,,,,,,,,,,,,
TRENT,TRENT,,,,,,,,,,,,,,,,,,,,
TVSL,TVSL,,,,,,,,,,,,,,,,,,,,
UTCEM,UTCEM,,,,,,,,,,,,,,,,,,,,
UNBK,UNBK,,,,,,,,,,,,,,,,,,,,
UNITD,UNITD,,,,,,,,,,,,,,,,,,,,
UPLL,UPLL,,,,,,,,,,,,,,,,,,,,
VBL,VBL,,,,,,,,,,,,,,,,,,,,
VEDL,VEDL,,,,,,,,,,,,,,,,,,,,
VOLT,VOLT,,,,,,,,,,,,,,,,,,,,
WPRO,WPRO,,,,,,,,,,,,,,,,,,,,
YES,YES,,,,,,,,,,,,,,,,,,,,
ZYDUS,ZYDUS,,,,,,,,,,,,,,,,,,,,
FORH,FORH,,,,,,,,,,,,,,,,,,,,
PIRPH,PIRPH,,,,,,,,,,,,,,,,,,,,
UNOMI,UNOMI,,,,,,,,,,,,,,,,,,,,
BDL,BDL,,,,,,,,,,,,,,,,,,,,
KAYNE,KAYNE,,,,,,,,,,,,,,,,,,,,
MANKI,MANKI,,,,,,,,,,,,,,,,,,,,
MAZDO,MAZDO,,,,,,,,,,,,,,,,,,,,
RVNL,RVNL,,,,,,,,,,,,,,,,,,,,
BLSTR,BLSTR,,,,,,,,,,,,,,,,,,,,
360ON,360ON,,,,,,,,,,,,,,,,,,,,
AMBER,AMBER,,,,,,,,,,,,,,,,,,,,
KFINT,KFINT,,,,,,,,,,,,,,,,,,,,
PGEL,PGEL,,,,,,,,,,,,,,,,,,,,
SUEL,SUEL,,,,,,,,,,,,,,,,,,,,
NUVAM,NUVAM,,,,,,,,,,,,,,,,,,,,
